CODE_MIL,CODE_SOB,LABEL_MIL,LABEL_SOB,SIMILARITY
1642,v114099,KAROLUS ROUGE,KAROLUS ROUGE,0.9957756652771819
1871,v119183,PREUILLAC ROUGE,PREUILLAC ROUGE,0.995083660677213
1225,v128058,CLOS J KANON ROUGE,CLOS J KANON ROUGE,0.9949190900743575
2089,v103001,20 MILLE ROUGE,20 MILLE ROUGE,0.9947572149056779
1803,v119098,BROUSTERAS ROUGE,BROUSTERAS ROUGE,0.9936925053902275
2207,v113088,PRELAT DE PAPE CLEMENT ROUGE,PRELAT DE PAPE CLEMENT ROUGE,0.9935582082770994
1392,v125050,CLEMENTIN DE PAPE CLEMENT ROUGE,CLEMENTIN DE PAPE CLEMENT ROUGE,0.9933972053072518
1320,v118126,LABASTIDE DAUZAC ROUGE,LABASTIDE DAUZAC ROUGE,0.9933143028540375
1146,v124001,CARRUADES DE LAFITE ROUGE,CARRUADES DE LAFITE ROUGE,0.9929206049780431
1468,v126091,CLOS RENE ROUGE,CLOS RENE ROUGE,0.9923596255339743
1925,v114202,DOMAINE DE CARTUJAC ROUGE,DOMAINE DE CARTUJAC ROUGE,0.9923052062324386
1282,v108022,CLOS PUY ARNAUD ROUGE,CLOS PUY ARNAUD ROUGE,0.9923007484020425
1346,v114234,MOULINS DE CITRAN ROUGE,MOULINS DE CITRAN ROUGE,0.9922645783702965
1304,v118075,SEGLA ROUGE,SEGLA ROUGE,0.9920316870522031
1365,v116016,BELLEVUE DE FOURCAS DUPRE ROUGE,BELLEVUE DE FOURCAS DUPRE ROUGE,0.9917728659944176
1919,v114197,CLOS LA BOHEME ROUGE,CLOS LA BOHEME ROUGE,0.9915831928003087
1373,v126146,DOMAINE DE COMPOSTELLE ROUGE,DOMAINE DE COMPOSTELLE ROUGE,0.9913978835690807
2120,v130067,SAINT ESTEPHE DE CALON SEGUR ROUGE,SAINT ESTEPHE DE CALON SEGUR ROUGE,0.9908390881573376
1414,v125059,ETOILE DE BERGEY ROUGE,ETOILE DE BERGEY ROUGE,0.9907009667106863
1531,v132028,CONNETABLE TALBOT ROUGE,CONNETABLE TALBOT ROUGE,0.9904447506322059
1332,v132001,AMIRAL DE BEYCHEVELLE ROUGE,AMIRAL DE BEYCHEVELLE ROUGE,0.9903982439450544
1640,v118001,ALTER EGO DE PALMER ROUGE,ALTER EGO DE PALMER ROUGE,0.9899737814430583
1438,v113046,BENJAMIN DE CHANTEGRIVE ROUGE,BENJAMIN DE CHANTEGRIVE ROUGE,0.9898280696394681
1588,v132064,CROIX DUCRU BEAUCAILLOU ROUGE,CROIX DUCRU BEAUCAILLOU ROUGE,0.9898247458290526
1369,v126093,DUO DE CONSEILLANTE ROUGE,DUO DE CONSEILLANTE ROUGE,0.9897319398159292
1341,v130054,FRANK PHELAN ROUGE,FRANK PHELAN ROUGE,0.9895056924341075
1432,v124045,HAUTS DE PONTET CANET ROUGE,HAUTS DE PONTET CANET ROUGE,0.9894080275153239
1347,v114119,DIANE DE BELGRAVE ROUGE,DIANE DE BELGRAVE ROUGE,0.9891940096347037
1303,v118081,S DE SIRAN ROUGE,S DE SIRAN ROUGE,0.9891709642914203
1581,v118077,MARQUIS DE MONS ROUGE,MARQUIS DE MONS ROUGE,0.9891126150160731
1305,v118083,CHEVALIER DE RAUZAN GASSIES ROUGE,CHEVALIER DE RAUZAN GASSIES ROUGE,0.9888816239718095
1504,v124044,FLEUR DE PEDESCLAUX ROUGE,FLEUR DE PEDESCLAUX ROUGE,0.9880635997398985
1315,v118002,BARON DE BRANE ROUGE,BARON DE BRANE ROUGE,0.9873470256002449
1513,v108021,CLOS LES LUNELLES ROUGE,CLOS LES LUNELLES ROUGE,0.9871699019248767
1068,v114098,HERITAGE DE CHASSE SPLEEN ROUGE,HERITAGE DE CHASSE SPLEEN ROUGE,0.9871261118964038
1343,v130110,CHARME DE COS LABORY ROUGE,CHARME DE COS LABORY ROUGE,0.9868766896180468
1564,v132036,SARGET DE GRUAUD LAROSE ROUGE,SARGET DE GRUAUD LAROSE ROUGE,0.986659947795126
1314,v118004,BRIO DE CANTENAC BROWN ROUGE,BRIO DE CANTENAC BROWN ROUGE,0.986268949592791
1313,v118086,INITIAL DE DESMIRAIL ROUGE,INITIAL DE DESMIRAIL ROUGE,0.9858792876169509
1307,v118122,COURONNE DE MARQUIS DE TERME ROUGE,COURONNE DE MARQUIS DE TERME ROUGE,0.9854771572341806
1476,v126141,CLOS DU CLOCHER ROUGE,CLOS DU CLOCHER ROUGE,0.9854052115998716
1060,v118059,CHEVALIER DE LASCOMBES ROUGE,CHEVALIER DE LASCOMBES ROUGE,0.9852352199066537
J2500,v711001,SENA ROUGE,SENA ROUGE,0.9842354382811742
1358,v121022,ORATOIRE DE CHASSE SPLEEN ROUGE,ORATOIRE DE CHASSE SPLEEN ROUGE,0.9839583907841095
1674,v118135,ORIGINE DE DESMIRAIL ROUGE,ORIGINE DE DESMIRAIL ROUGE,0.9833723573244333
1643,v118076,MAROJALLIA ROUGE,MAROJALLIA ROUGE,0.9825706458956394
1204,v126105,MOULINET LASSERRE ROUGE,MOULINET LASSERRE ROUGE,0.9822658284428886
J2192,v800001,MASSETO ROUGE,MASSETO ROUGE,0.9820281398524473
1371,v126096,FLEUR DE CLINET ROUGE,FLEUR DE CLINET ROUGE,0.9819485862064816
1639,v114116,MOULIN DE LA LAGUNE ROUGE,MOULIN DE LA LAGUNE ROUGE,0.9817337831439333
1709,v111051,DELPHIS DE LA DAUPHINE ROUGE,DELPHIS DE LA DAUPHINE ROUGE,0.9814958354783976
1137,v132026,CLOS DU MARQUIS ROUGE,CLOS DU MARQUIS ROUGE,0.9810354524955262
1397,v128032,ESQUISSE DE LA TOUR FIGEAC ROUGE,LESQUISSE DE LA TOUR FIGEAC ROUGE,0.9787793846965652
1449,v311035,CLEMENTIN DE PAPE CLEMENT BLANC,CLEMENTIN DE PAPE CLEMENT BLSEC,0.9769998577188073
2189,v113038,CLOS FLORIDENE ROUGE,CLOS FLORIDENE ROUGE ROUGE,0.973300611085964
1758,v126094,ESPERANCE TROTANOY ROUGE,ESPERANCE DE TROTANOY ROUGE,0.9727164705475386
1246,v115022,LABORDE CUVEE 1628 ROUGE,CHATEAU LABORDE CUVEE 1628 ROUGE,0.9711630671888115
2032,v130028,LAFFITTE CARCASSET ROUGE,CHATEAU LAFFITTE CARCASSET ROUGE,0.9674386064570744
1033,v124030,LAFITE ROTHSCHILD ROUGE,CHATEAU LAFITE ROTHSCHILD ROUGE,0.9661847346645116
2044,v119179,INCLASSABLE ROUGE,LINCLASSABLE ROUGE,0.9637148177924701
1372,v126100,BENJAMIN DE BEAUREGARD ROUGE,LE BENJAMIN DE BEAUREGARD ROUGE,0.9637059951049937
1023,v132016,LEOVILLE POYFERRE ROUGE,CHATEAU LEOVILLE POYFERRE ROUGE,0.9629156306810092
1267,v114057,LAROSE TRINTAUDON ROUGE,CHATEAU LAROSE TRINTAUDON ROUGE,0.9626569743802734
1196,v126059,LATOUR A POMEROL ROUGE,CHATEAU LATOUR A POMEROL ROUGE,0.9624421043272204
2077,v121034,GRANINS GRAND POUJEAUX ROUGE,CHATEAU GRANINS GRAND POUJEAUX ROUGE,0.9615929809870146
1767,v114056,LAROSE PERGANSON ROUGE,CHATEAU LAROSE PERGANSON ROUGE,0.9610152615481564
1451,v125071,ESPRIT DE CHEVALIER ROUGE,LESPRIT DE CHEVALIER ROUGE ROUGE,0.9602454647694798
1947,v114165,LACOUR JACQUET ROUGE,CHATEAU LACOUR JACQUET ROUGE,0.9584925371364098
1699,v114052,LAMOTHE BERGERON ROUGE,CHATEAU LAMOTHE BERGERON ROUGE,0.9583586095206889
1153,v130058,MARQUIS DE CALON SEGUR ROUGE,LE MARQUIS DE CALON SEGUR ROUGE,0.9573017422234231
1877,v119156,ROUSSEAU DE SIPIAN ROUGE,CHATEAU ROUSSEAU DE SIPIAN ROUGE,0.9572763847507061
1306,v118071,BOUQUET DE MONBRISON ROUGE,LE BOUQUET DE MONBRISON ROUGE,0.9570720424973398
1334,v132013,LANGOA BARTON ROUGE,CHATEAU LANGOA BARTON ROUGE,0.9566296912231574
1035,v124035,MOUTON ROTHSCHILD ROUGE,CHATEAU MOUTON ROTHSCHILD ROUGE,0.9561173283613819
2062,v114050,LACHESNAYE ROUGE,CHATEAU LACHESNAYE ROUGE,0.9555300420504794
1991,v116019,CAP LEON VEYRIN ROUGE,CHATEAU CAP LEON VEYRIN ROUGE,0.955284024141849
1548,v124009,COLOMBIER MONPELOU ROUGE,CHATEAU COLOMBIER MONPELOU ROUGE,0.9544600708648503
1413,v125060,L DE LA LOUVIERE ROUGE,L DE LA LOUVIERE ROUGE ROUGE,0.9543256586084659
1022,v132015,LEOVILLE LAS CASES ROUGE,CHATEAU LEOVILLE LAS CASES ROUGE,0.9538648755037876
2193,v114129,BEL AIR GLORIA ROUGE,CHATEAU BEL AIR GLORIA ROUGE,0.953610443012734
2190,v308065,CLOS FLORIDENE BLANC,CLOS FLORIDENE BLSEC,0.9534217357097865
1604,v121003,BRANAS GRAND POUJEAUX ROUGE,CHATEAU BRANAS GRAND POUJEAUX ROUGE,0.9533271291153482
1915,v114130,BELLEGRAVE DU POUJEAU ROUGE,CHATEAU BELLEGRAVE DU POUJEAU ROUGE,0.9530183758910816
2013,v118025,DEYREM VALENTIN ROUGE,CHATEAU DEYREM VALENTIN ROUGE,0.9521291112287
1245,v126103,HOSPITALET DE GAZIN ROUGE,LHOSPITALET DE GAZIN ROUGE,0.9518778200234628
1662,v107017,CANON PECRESSE ROUGE,CHATEAU CANON PECRESSE ROUGE,0.9517361685310102
1883,v119159,SEGUE LONGUE MONNIER ROUGE,CHATEAU SEGUE LONGUE MONNIER ROUGE,0.9513096626126455
1876,v119079,ROQUEGRAVE ROUGE,CHATEAU ROQUEGRAVE ROUGE,0.9508946915298923
1522,v114013,CARONNE SAINTE GEMME ROUGE,CHATEAU CARONNE SAINTE GEMME ROUGE,0.9508754484626949
2088,v111012,CARLMAGNUS ROUGE,CHATEAU CARLMAGNUS ROUGE,0.9500977368977154
2213,v130072,CHATEAU BERNARD MAGREZ ROUGE,CHATEAU BERNARD MAGREZ ROUGE,0.9499477522907044
1726,v125148,S DU SARTRE ROUGE,S DU SARTRE ROUGE ROUGE,0.9498210062289667
1012,v118012,CANTENAC BROWN ROUGE,CHATEAU CANTENAC BROWN ROUGE,0.9494042641207395
1045,v124019,HAUT BAGES LIBERAL ROUGE,CHATEAU HAUT BAGES LIBERAL ROUGE,0.9491252383290603
1435,v118035,LABEGORCE ROUGE,CHATEAU LABEGORCE ROUGE,0.9491047109136418
1024,v132014,LEOVILLE BARTON ROUGE,CHATEAU LEOVILLE BARTON ROUGE,0.9490140815777042
1272,v120040,ROCHER CALON ROUGE,CHATEAU ROCHER CALON ROUGE,0.9486826330534942
2217,v301083,VIRGINIE DE VALANDRAUD BLANC,VIRGINIE DE VALANDRAUD BLANC BLSEC,0.948289581574186
2208,v308023,PRELAT DE PAPE CLEMENT BLANC,PRELAT DE PAPE CLEMENT BLANC BLSEC,0.9482122314428737
1292,v114011,CAMBON LA PELOUSE ROUGE,CHATEAU CAMBON LA PELOUSE ROUGE,0.9478679812961142
1929,v114023,DASVIN BEL AIR ROUGE,CHATEAU DASVIN BEL AIR ROUGE,0.947853999295387
1326,v118073,CHARMES DE KIRWAN ROUGE,LES CHARMES DE KIRWAN ROUGE,0.9463359845974495
1556,v130011,COUTELIN MERVILLE ROUGE,CHATEAU COUTELIN MERVILLE ROUGE,0.9462536049100194
2005,v121031,CHEMIN ROYAL ROUGE,CHATEAU CHEMIN ROYAL ROUGE,0.9461638852768331
2047,v114058,LARRIVAUX ROUGE,CHATEAU LARRIVAUX ROUGE,0.9460886366330903
2048,v114068,MAUCAILLOU FELLETIN ROUGE,CHATEAU MAUCAILLOU FELLETIN ROUGE,0.9458873013453318
1340,v124049,TOURELLE DE CROIZET BAGES ROUGE,LA TOURELLE DE CROIZET BAGES ROUGE,0.9458083237634141
1661,v111038,BELLEVUE FRONSAC ROUGE,CHATEAU BELLEVUE FRONSAC ROUGE,0.9454395491648303
2058,v118041,MARSAC SEGUINEAU ROUGE,CHATEAU MARSAC SEGUINEAU ROUGE,0.9452460394412475
1880,v119081,SAINT CHRISTOLY ROUGE,CHATEAU SAINT CHRISTOLY ROUGE,0.9452055227401669
1543,v126055,LA VIOLETTE ROUGE,CHATEAU LA VIOLETTE ROUGE,0.9451487606631488
1703,v121014,MAUVESIN BARTON ROUGE,CHATEAU MAUVESIN BARTON ROUGE,0.9451233285694186
3035,v501001,DOM PERIGNON BLANC,DOM PERIGNON BLSEC,0.9449983594771583
1417,v125064,ABEILLE DE FIEUZAL ROUGE,LABEILLE DE FIEUZAL ROUGE ROUGE,0.9447053225280017
1967,v114178,PEYREDON LAGRAVETTE ROUGE,CHATEAU PEYREDON LAGRAVETTE ROUGE,0.9445787652922064
1951,v114062,LESTAGE SIMON ROUGE,CHATEAU LESTAGE SIMON ROUGE,0.9443074905348247
1666,v118024,DESMIRAIL ROUGE,CHATEAU DESMIRAIL ROUGE,0.9435528994234788
1142,v124018,HAUT BAGES AVEROUS ROUGE,CHATEAU HAUT BAGES AVEROUS ROUGE,0.943403909003728
1004,v118037,LASCOMBES ROUGE,CHATEAU LASCOMBES ROUGE,0.94335057520652
1563,v114017,CLEMENT PICHON ROUGE,CHATEAU CLEMENT PICHON ROUGE,0.9427514168782197
1700,v114136,COMTESSE DU PARC ROUGE,CHATEAU COMTESSE DU PARC ROUGE,0.9426272273615512
1092,v412062,LIEUTENANT DE SIGALAS BLANC,LIEUTENANT DE SIGALAS BLDOUX,0.9426200150630308
1657,v107012,MAZERIS BELLEVUE ROUGE,CHATEAU MAZERIS BELLEVUE ROUGE,0.9425816778990729
2100,v114181,POMIES AGASSAC ROUGE,CHATEAU POMIES AGASSAC ROUGE,0.9424033333604481
1053,v130006,CALON SEGUR ROUGE,CHATEAU CALON SEGUR ROUGE,0.9419915995381728
1610,v114167,LAPIEY ROUGE,CHATEAU LAPIEY ROUGE,0.9417703262684298
2071,v116010,FOURCAS LOUBANEY ROUGE,CHATEAU FOURCAS LOUBANEY ROUGE,0.9415897016273681
1311,v118087,REMPARTS DE FERRIERE ROUGE,LES REMPARTS DE FERRIERE ROUGE,0.9413977968968844
1844,v119145,LESTRUELLE ROUGE,CHATEAU LESTRUELLE ROUGE,0.9409508272642694
2024,v130089,ARGILUS DU ROI ROUGE,CHATEAU LARGILUS DU ROI ROUGE,0.940942173331374
1328,v132031,RESERVE DE LEOVILLE BARTON ROUGE,LA RESERVE DE LEOVILLE BARTON ROUGE,0.9406345892197305
2075,v121001,BEL AIR LAGRAVE ROUGE,CHATEAU BEL AIR LAGRAVE ROUGE,0.9404737334060976
1784,v121038,LALAUDEY ROUGE,CHATEAU LALAUDEY ROUGE,0.9402423563467744
1597,v128020,ROYLLAND ROUGE,CHATEAU ROYLLAND ROUGE,0.9398062098987334
2127,v111028,MOULIN HAUT LAROQUE ROUGE,CHATEAU MOULIN HAUT LAROQUE ROUGE,0.9396642660314416
1832,v119029,HAUT CANTELOUP ROUGE,CHATEAU HAUT CANTELOUP ROUGE,0.9393530702685493
2072,v116022,DUCLUZEAU ROUGE,CHATEAU DUCLUZEAU ROUGE,0.9391073930377704
1810,v119111,CHANTEMERLE ROUGE,CHATEAU CHANTEMERLE ROUGE,0.9390124216367861
1705,v126119,CHANTALOUETTE ROUGE,CHATEAU CHANTALOUETTE ROUGE,0.9389179918692844
1843,v119140,LEBOSCQ ROUGE,CHATEAU LEBOSCQ ROUGE,0.9385147044367856
1798,v119106,BESSAN SEGUR ROUGE,CHATEAU BESSAN SEGUR ROUGE,0.9381730578717352
1194,v126111,VIEUX CHATEAU CERTAN ROUGE,VIEUX CHATEAU CERTAN ROUGE,0.9380787460741459
1854,v119150,MOULIN DE CANHAUT ROUGE,CHATEAU MOULIN DE CANHAUT ROUGE,0.9380595096556791
1618,v116009,FOURCAS HOSTEN ROUGE,CHATEAU FOURCAS HOSTEN ROUGE,0.9375306861612087
2031,v130027,LADOUYS ROUGE,CHATEAU LADOUYS ROUGE,0.9374995063430068
1105,v114100,CLOSERIE DE CAMENSAC ROUGE,LA CLOSERIE DE CAMENSAC ROUGE,0.9373166210245404
2095,v115038,PLUS DE LA FLEUR DE BOUARD ROUGE,LE PLUS DE LA FLEUR DE BOUARD ROUGE,0.9371791730095828
1521,v130039,PETIT BOCQ ROUGE,CHATEAU PETIT BOCQ ROUGE,0.9369621588749365
1169,v121015,MOULIN A VENT ROUGE,CHATEAU MOULIN A VENT ROUGE,0.9368509335808485
1345,v124055,TOURELLES DE LONGUEVILLE ROUGE,LES TOURELLES DE LONGUEVILLE ROUGE,0.9367472775455764
1648,v118040,MARQUIS DE TERME ROUGE,CHATEAU MARQUIS DE TERME ROUGE,0.9364913693447103
1511,v108002,CAP DE FAUGERES ROUGE,CHATEAU CAP DE FAUGERES ROUGE,0.9362974165657296
1596,v103132,BEAULIEU COMTES DE TASTES ROUGE,BEAULIEU COMTE DE TASTES ROUGE,0.936076201716999
1850,v119148,MAZAILS ROUGE,CHATEAU MAZAILS ROUGE,0.936071810921026
2006,v121032,DUPLESSIS ROUGE,CHATEAU DUPLESSIS ROUGE,0.9355231183965349
2017,v118109,PAVEIL DE LUZE ROUGE,CHATEAU PAVEIL DE LUZE ROUGE,0.9350772903816418
1675,v130035,LILIAN LADOUYS ROUGE,CHATEAU LILIAN LADOUYS ROUGE,0.9348950220872795
1157,v130077,CAPBERN ROUGE,CHATEAU CAPBERN ROUGE,0.93477046754639
1031,v132002,BEYCHEVELLE ROUGE,CHATEAU BEYCHEVELLE ROUGE,0.9346277156449762
1269,v117006,HAUT PIQUAT ROUGE,CHATEAU HAUT PIQUAT ROUGE,0.934085605516788
1568,v119110,CHANTELYS ROUGE,CHATEAU CHANTELYS ROUGE,0.9339824915888846
1483,v412012,CASTELNAU DE SUDUIRAUT BLANC,CASTELNAU DE SUDUIRAUT BLDOUX,0.933719222090163
2018,v118047,PONTAC LYNCH ROUGE,CHATEAU PONTAC LYNCH ROUGE,0.9335990059359869
1806,v119013,CARCANIEUX ROUGE,CHATEAU CARCANIEUX ROUGE,0.9332937141233418
1502,v400025,CYPRES DE CLIMENS BLANC,CYPRES DE CLIMENS BLDOUX,0.9332456955215483
1353,v114210,CLOSERIE DE MALESCASSE ROUGE,LA CLOSERIE DE MALESCASSE ROUGE,0.9331491495077857
2014,v118031,GRAND TAYAC ROUGE,CHATEAU GRAND TAYAC ROUGE,0.9327786512183058
1467,v311045,ABEILLE DE FIEUZAL BLANC,LABEILLE DE FIEUZAL BLSEC,0.932709425157111
1492,v126102,SEUIL DE MAZEYRES ROUGE,LE SEUIL DE MAZEYRES ROUGE,0.9326246545746534
1058,v114012,CANTEMERLE ROUGE,CHATEAU CANTEMERLE ROUGE,0.9325205442333847
2015,v118100,HAUT BRETON LARIGAUDIERE ROUGE,CH HAUT BRETON LARIGAUDIERE ROUGE,0.9324376594387179
1477,v126098,GRAVETTE DE CERTAN ROUGE,LA GRAVETTE DE CERTAN ROUGE,0.9321095814782596
1490,v412005,CHARMILLES DE TOUR BLANCHE BLANC,CHARMILLES DE TOUR BLANCHE BLDOUX,0.9320723479975641
2152,v130031,LE CROCK ROUGE,CHATEAU LE CROCK ROUGE,0.9320391034784012
2148,v126115,BELLE CONNIVENCE ROUGE,LA BELLE CONNIVENCE ROUGE,0.9319517091278341
1427,v125031,LATOUR MARTILLAC ROUGE,CHATEAU LATOUR MARTILLAC ROUGE ROUGE,0.9315662708683269
1840,v119136,LAUJAC ROUGE,CHATEAU LAUJAC ROUGE,0.9308248668708301
1271,v119036,HAUT QUEYRAN ROUGE,CHATEAU HAUT QUEYRAN ROUGE,0.9307860819745762
1129,v130010,COS LABORY ROUGE,CHATEAU COS LABORY ROUGE,0.9305984808627199
1645,v109009,FOUGAS MALDOROR ROUGE,CHATEAU FOUGAS MALDOROR ROUGE,0.9304258267961815
1025,v132008,GRUAUD LAROSE ROUGE,CHATEAU GRUAUD LAROSE ROUGE,0.9302898322710036
1722,v125038,LUCHEY HALDE ROUGE,CHATEAU LUCHEY HALDE ROUGE,0.9300889839868668
1268,v121039,MALMAISON ROUGE,CHATEAU MALMAISON ROUGE,0.930070350096134
1041,v124008,CLERC MILON ROUGE,CHATEAU CLERC MILON ROUGE,0.9298784087838833
1535,v108015,MONTLANDRIE ROUGE,CHATEAU MONTLANDRIE ROUGE,0.9298007126245897
2000,v116035,SEMEILLAN MAZEAU ROUGE,CHATEAU SEMEILLAN MAZEAU ROUGE,0.9294992521783109
1956,v114069,MAUCAMPS ROUGE,CHATEAU MAUCAMPS ROUGE,0.9293958976630146
1971,v114183,RAMAGE LA BATISSE ROUGE,CHATEAU RAMAGE LA BATISSE ROUGE,0.9293669540987501
1049,v124037,PEDESCLAUX ROUGE,CHATEAU PEDESCLAUX ROUGE,0.929103382049826
1889,v119088,TOUR HAUT CAUSSAN ROUGE,CHATEAU TOUR HAUT CAUSSAN ROUGE,0.9285561151618881
1500,v412006,CHARTREUSE DE COUTET BLANC,CHARTREUSE DE COUTET BLDOUX,0.928251173315651
1296,v119078,ROLLAN DE BY ROUGE,CHATEAU ROLLAN DE BY ROUGE,0.9282079865355342
1452,v311049,ESPRIT DE CHEVALIER BLANC,LESPRIT DE CHEVALIER BLANC BLSEC,0.9277404530194712
1834,v119034,HAUT MYLES ROUGE,CHATEAU HAUT MYLES ROUGE,0.9274396152598352
1983,v114092,TOUR MARCILLANET ROUGE,CHATEAU TOUR MARCILLANET ROUGE,0.9272600642080574
2212,v103124,LE GARDERA ROUGE,CHATEAU LE GARDERA ROUGE,0.9270581063153102
1205,v126006,BEAUREGARD ROUGE,CHATEAU BEAUREGARD ROUGE,0.9265817060211042
1847,v119064,LOUSTEAUNEUF ROUGE,CHATEAU LOUSTEAUNEUF ROUGE,0.9263095385202358
2016,v118045,MONGRAVEY ROUGE,CHATEAU MONGRAVEY ROUGE,0.9262730332837492
1338,v124046,CHAPELLE DE BAGES ROUGE,LA CHAPELLE DE BAGES ROUGE,0.9257462497460781
2119,v130105,CHAPELLE DE CALON ROUGE,LA CHAPELLE DE CALON ROUGE,0.9256727298848031
1619,v114010,BERNADOTTE ROUGE,CHATEAU BERNADOTTE ROUGE,0.9252422297624225
S034,v126056,LAFLEUR ROUGE,CHATEAU LAFLEUR ROUGE,0.9249399213516413
1538,v301057,LUNE BLANCHE BLANCCLOS DES LUNES,CLOS DES LUNES LUNE BLANCHE BLSEC,0.9245191549599641
1725,v125068,HALDES DE LUCHEY ROUGE,LES HALDES DE LUCHEY ROUGE,0.9243903756807127
1933,v114038,DUTHIL ROUGE,CHATEAU DUTHIL ROUGE,0.9243423985891871
1765,v126086,VRAY CROIX DE GAY ROUGE,CHATEAU VRAY CROIX DE GAY ROUGE,0.9239902532598122
1869,v119073,PONTET BARRAIL ROUGE,CHATEAU PONTET BARRAIL ROUGE,0.9239457839527563
1258,v126025,FEYTIT CLINET ROUGE,CHATEAU FEYTIT CLINET ROUGE,0.9231458868190497
1342,v130062,PELERINS DE LAFON ROCHET ROUGE,LES PELERINS DE LAFON ROCHET ROUGE,0.9229753060080573
1251,v115014,GRAND ORMEAU ROUGE,CHATEAU GRAND ORMEAU ROUGE,0.9227979186966908
1927,v114137,CORCONNAC ROUGE,CHATEAU CORCONNAC ROUGE,0.9225680203070908
1917,v114131,BEYZAC ROUGE,CHATEAU BEYZAC ROUGE,0.9224939195391104
1788,v113037,ROQUETAILLADE LA GRANGE ROUGE,CHT ROQUETAILLADE LA GRANGE ROUGE,0.9224076930997082
1491,v114096,DEMOISELLE DE SOCIANDO MALLET ROUGE,DEMOISELLE DE SOCIANDOMALLET ROUGE,0.9221450292519738
1240,v118044,MONBRISON ROUGE,CHATEAU MONBRISON ROUGE,0.9219558687259267
1039,v124051,PETIT MOUTON ROUGE,LE PETIT MOUTON ROUGE,0.9216498970618011
1464,v121013,MAUCAILLOU ROUGE,CHATEAU MAUCAILLOU ROUGE,0.9214057709761405
1901,v119102,VIEUX CHATEAU LANDON ROUGE,VIEUX CHATEAU LANDON ROUGE,0.9213958885319488
1367,v116008,FOURCAS DUPRE ROUGE,CHATEAU FOURCAS DUPRE ROUGE,0.9213822368218487
1174,v125044,PICQUE CAILLOU ROUGE,CHATEAU PICQUE CAILLOU ROUGE,0.9209677157760937
1848,v119147,MAISON BLANCHE ROUGE,CHATEAU MAISON BLANCHE ROUGE,0.9209098345626336
1331,v132020,PEYMARTIN ROUGE,CHATEAU PEYMARTIN ROUGE,0.9208956433640074
1864,v119070,PIERRE DE MONTIGNAC ROUGE,CHATEAU PIERRE DE MONTIGNAC ROUGE,0.9206749533871498
1027,v132011,LAGRANGE ROUGE,CHATEAU LAGRANGE ROUGE,0.9205324383776015
2153,v132071,PETIT CAILLOU ROUGE,LE PETIT CAILLOU ROUGE,0.9203636488494136
1751,v126071,MONTVIEL ROUGE,CHATEAU MONTVIEL ROUGE,0.9200895782043109
1084,v412034,LAFAURIE PEYRAGUEY BLANC,CHATEAU LAFAURIE PEYRAGUEY BLDOUX,0.9197226669765673
1059,v114008,BELGRAVE ROUGE,CHATEAU BELGRAVE ROUGE,0.9193364209667934
2115,v126035,HAUT FERRAND ROUGE,CHATEAU HAUT FERRAND ROUGE,0.9192467007437803
2202,v301121,PAGODES DE COS BLANC,PAGODES DE COS BLANC BLSEC,0.9186840147159971
2199,v132067,PETITE MARQUISE ROUGE,LA PETITE MARQUISE ROUGE,0.9186452703827658
2174,v116024,FOURCAS BORIE ROUGE,CHATEAU FOURCAS BORIE ROUGE,0.9183071043454967
1364,v116002,CLARKE ROUGE,CHATEAU CLARKE ROUGE,0.9181318370029293
2059,v118042,MARTINENS ROUGE,CHATEAU MARTINENS ROUGE,0.9180301121528467
1489,v126070,MAZEYRES ROUGE,CHATEAU MAZEYRES ROUGE,0.9180122366539928
1463,v125063,SERENITE DE POUMEY ROUGE,LA SERENITE DE POUMEY ROUGE,0.9179876374387915
1872,v119153,PRIEURE DE BLAIGNAN ROUGE,CHATEAU PRIEURE DE BLAIGNAN ROUGE,0.9179236665071916
1698,v130049,TOUR DES TERMES ROUGE,CHATEAU TOUR DES TERMES ROUGE,0.9178441410815601
1321,v118084,DURFORT VIVENS ROUGE,VIVENS DE DURFORT VIVENS ROUGE,0.9176718458643378
2054,v130045,SEGUR DE CABANAC ROUGE,CHATEAU SEGUR DE CABANAC ROUGE,0.9176206379066867
1942,v114043,HAUT BELLEVUE ROUGE,CHATEAU HAUT BELLEVUE ROUGE,0.9172090724570172
1036,v124039,PICHON BARON ROUGE,CHATEAU PICHON BARON ROUGE,0.9171154153335148
1978,v114084,SAINT AHON ROUGE,CHATEAU SAINT AHON ROUGE,0.916820475818239
1071,v125012,CARBONNIEUX ROUGE,CHATEAU CARBONNIEUX ROUGE ROUGE,0.9167655693656737
1415,v125061,PARDE DE HAUT BAILLY ROUGE,LA PARDE DE HAUT BAILLY ROUGE,0.9166332578515792
1007,v126004,BEAU SOLEIL ROUGE,CHATEAU BEAU SOLEIL ROUGE,0.9165207366413949
1888,v119085,TOUR CASTILLON ROUGE,CHATEAU TOUR CASTILLON ROUGE,0.9160926001336441
1998,v116032,REVERDI ROUGE,CHATEAU REVERDI ROUGE,0.9158212221421407
1825,v119129,GRAVETTE LACOMBE ROUGE,CHATEAU LA GRAVETTE LACOMBE ROUGE,0.9158150155347214
2091,v103045,FRANCS MAGNUS ROUGE,CHATEAU FRANCS MAGNUS ROUGE,0.9155692093933188
1407,v125062,RESERVE DE MALARTIC ROUGE,LA RESERVE DE MALARTIC ROUGE ROUGE,0.9154524920190407
2101,v114081,PRIEURE BEYZAC ROUGE,CHATEAU PRIEURE DE BEYZAC ROUGE,0.9151714969804379
1560,v126101,JARDIN DE PETIT VILLAGE ROUGE,LE JARDIN DE PETIT VILLAGE ROUGE,0.9150937884837597
1162,v114054,LANESSAN ROUGE,CHATEAU LANESSAN ROUGE,0.9150467468259121
1913,v114128,BARTHEZ ROUGE,CHATEAU BARTHEZ ROUGE,0.914956268096072
1962,v114174,MOULIN DE BLANCHON ROUGE,CHATEAU MOULIN DE BLANCHON ROUGE,0.9149073606640509
2151,v132019,MOULIN RICHE ROUGE,CHATEAU MOULIN RICHE ROUGE,0.9148404191790672
1419,v114019,COUFRAN ROUGE,CHATEAU COUFRAN ROUGE,0.9145882516650544
1831,v119028,HAUT BARRAIL ROUGE,CHATEAU HAUT BARRAIL ROUGE,0.9141668403504256
1949,v114166,LANDAT ROUGE,CHATEAU LANDAT ROUGE,0.9140537891375425
1065,v125039,MALARTIC LAGRAVIERE ROUGE,CH MALARTIC LAGRAVIERE ROUGE ROUGE,0.914044518605426
1197,v126057,LAGRANGE A POMEROL,CHATEAU LAGRANGE A POMEROL ROUGE,0.9139420608919395
1010,v118070,SIRENE DE GISCOURS ROUGE,LA SIRENE DE GISCOURS ROUGE,0.9138247121310663
1552,v116014,MAYNE LALANDE ROUGE,CHATEAU MAYNE LALANDE ROUGE,0.9137710846986506
2035,v130043,SAINT PIERRE DE CORBIAN ROUGE,CH SAINT PIERRE DE CORBIAN ROUGE,0.9137651710533604
1833,v119033,HAUT MAURAC ROUGE,CHATEAU HAUT MAURAC ROUGE,0.9131322243488882
1070,v125021,HAUT BAILLY ROUGE,CHATEAU HAUT BAILLY ROUGE,0.9130621748689424
2038,v130100,VIEUX COUTELIN ROUGE,CHATEAU VIEUX COUTELIN ROUGE,0.9129496488249974
1890,v119161,TOUR PRIGNAC ROUGE,CHATEAU TOUR PRIGNAC ROUGE,0.9125833925469949
1497,v412003,MADAME DE RAYNE BLANC,MADAME DE RAYNE BLDOUX,0.9123111483521412
1168,v114066,MALESCASSE ROUGE,CHATEAU MALESCASSE ROUGE,0.9121051330271662
1199,v126074,PETIT VILLAGE ROUGE,CHATEAU PETIT VILLAGE ROUGE,0.9118460636006551
1984,v114090,TOUR DU HAUT MOULIN ROUGE,CHATEAU TOUR DU HAUT MOULIN ROUGE,0.9117192839506248
1950,v114157,LAUZETTE DECLERCQ ROUGE,CHATEAU LA LAUZETTE DECLERCQ ROUGE,0.9116735695878847
1437,v125022,HAUT BERGEY ROUGE,CHATEAU HAUT BERGEY ROUGE,0.911544336575528
1815,v119015,DAVID ROUGE,CHATEAU DAVID ROUGE,0.9114773704249041
1652,v124005,BATAILLEY ROUGE,CHATEAU BATAILLEY ROUGE,0.9104315454742015
3001,v501004,BRUT RESERVE BLANCBILLECART SALMON,BILLECART SALMON BRUT RESERVE BLSEC,0.910326624458985
1644,v110005,PUYGUERAUD ROUGE,CHATEAU PUYGUERAUD ROUGE,0.9100958555722735
1079,v125037,LESPAULT MARTILLAC ROUGE,CH LESPAULT MARTILLAC ROUGE ROUGE,0.9100806975002353
1954,v114173,MAGNOL ROUGE,CHATEAU MAGNOL ROUGE,0.9100732156912076
1799,v119009,BLAIGNAN ROUGE,CHATEAU BLAIGNAN ROUGE,0.9100079801991048
1249,v119154,RAMAFORT ROUGE,CHATEAU RAMAFORT ROUGE,0.9090955415447036
1980,v114085,SAINT PAUL ROUGE,CHATEAU SAINT PAUL ROUGE,0.9090891466569392
1493,v114014,CHARMAIL ROUGE,CHATEAU CHARMAIL ROUGE,0.9087745089607667
1005,v412001,CARMES DE RIEUSSEC BLANC,CARMES DE RIEUSSEC BLDOUX,0.9085391270498858
1309,v118069,DAME DE MALESCOT ROUGE,LA DAME DE MALESCOT ROUGE,0.9083894055396432
1702,v119118,FLEUR LA MOTHE ROUGE,CHATEAU FLEUR LA MOTHE ROUGE,0.9079042518246455
1945,v114164,LABAT ROUGE,CHATEAU LABAT ROUGE,0.9078612544278672
1062,v125043,PAPE CLEMENT ROUGE,CHATEAU PAPE CLEMENT ROUGE ROUGE,0.9078537479843183
1260,v115036,FLEUR DE BOUARD ROUGE,LA FLEUR DE BOUARD ROUGE,0.9076452573212695
1792,v119048,ARGENTEYRE ROUGE,CHATEAU LARGENTEYRE ROUGE,0.9071544952949883
1458,v311083,L DE LA LOUVIERE BLANC,L DE LA LOUVIERE BLANC BLSEC,0.9069770378655492
1495,v412058,DAUPHIN DE GUIRAUD BLANC,LE DAUPHIN DE GUIRAUD BLDOUX,0.9065785204453364
1997,v116028,LIOUNER ROUGE,CHATEAU LIOUNER ROUGE,0.9065455490395458
1401,v114006,BEAUMONT ROUGE,CHATEAU BEAUMONT ROUGE,0.9065164325735141
1867,v119072,POITEVIN ROUGE,CHATEAU POITEVIN ROUGE,0.9064611230117541
1808,v119109,CASTERA ROUGE,CHATEAU CASTERA ROUGE,0.9064603537094881
1434,v125136,CHENES DE BOUSCAUT ROUGE,LES CHENES DE BOUSCAUT ROUGE ROUGE,0.906191556433694
2144,v124053,GRIFFONS PICHON BARON ROUGE,LES GRIFFONS DE PICHON BARON ROUGE,0.9057772951383206
1154,v130055,DAME DE MONTROSE ROUGE,LA DAME DE MONTROSE ROUGE,0.9057031652488327
1001,v118039,MARGAUX ROUGE,CHATEAU MARGAUX ROUGE,0.9056049777275413
1270,v118014,CHARMANT ROUGE,CHATEAU CHARMANT ROUGE,0.905425186005957
2070,v114087,SENILHAC ROUGE,CHATEAU SENILHAC ROUGE,0.9050006205984222
1720,v125094,HAUT LAGRANGE ROUGE,CHATEAU HAUT LAGRANGE ROUGE ROUGE,0.9049892450745479
1355,v119027,GREYSAC ROUGE,CHATEAU GREYSAC ROUGE,0.9049460640840916
1475,v126083,TROTANOY ROUGE,CHATEAU TROTANOY ROUGE,0.903644114556153
1530,v114076,PALOUMEY ROUGE,CHATEAU PALOUMEY ROUGE,0.9033298544096746
2039,v114192,TROIS MOULINS ROUGE,CHATEAU TROIS MOULINS ROUGE,0.9029165946961836
1817,v119018,ESCURAC ROUGE,CHATEAU DESCURAC ROUGE,0.9028270715116719
1459,v311097,ETOILE DE BERGEY BLANC,LETOILE DE BERGEY BLANC BLSEC,0.9027946128175963
1647,v111016,HAUT CARLES ROUGE,CHATEAU HAUT CARLES ROUGE,0.9027804820364859
1478,v126097,FUGUE DE NENIN ROUGE,LA FUGUE DE NENIN ROUGE,0.9025153780833796
1516,v121017,POUJEAUX ROUGE,CHATEAU POUJEAUX ROUGE,0.9024198312790057
1108,v126075,PETRUS ROUGE,CHATEAU PETRUS ROUGE,0.9022723730989379
1585,v114108,ALLEES DE CANTEMERLE ROUGE,LES ALLEES DE CANTEMERLE ROUGE,0.9017077510176019
1139,v132033,FIEFS DE LAGRANGE ROUGE,LES FIEFS DE LAGRANGE ROUGE,0.9014203721322602
2020,v124014,FONBADET ROUGE,CHATEAU FONBADET ROUGE,0.9010726595210383
1178,v113070,RAHOUL ROUGE,CHATEAU RAHOUL ROUGE,0.901061082385061
1593,v114077,PEYRABON ROUGE,CHATEAU PEYRABON ROUGE,0.900984875462698
2162,v108011,JOANIN BECOT ROUGE,CHATEAU JOANIN BECOT ROUGE,0.9002890068119811
1034,v124031,LATOUR ROUGE,CHATEAU LATOUR ROUGE,0.8999871701844019
1975,v114184,REYNATS ROUGE,CHATEAU REYNATS ROUGE,0.8994981615816694
1158,v119075,POTENSAC ROUGE,CHATEAU POTENSAC ROUGE,0.8993146422755766
1446,v114044,HOURTIN DUCASSE ROUGE,CHATEAU HOURTIN DUCASSE ROUGE,0.89837020754716
1941,v114042,HANTEILLAN ROUGE,CHATEAU HANTEILLAN ROUGE,0.8983217277149097
1993,v116021,DONISSAN ROUGE,CHATEAU DONISSAN ROUGE,0.8981813181406123
1519,v130048,TOUR DE PEZ ROUGE,CHATEAU TOUR DE PEZ ROUGE,0.8981586558791763
1863,v119069,PEY DE PONT ROUGE,CHATEAU PEY DE PONT ROUGE,0.898105542895219
1339,v124061,PRELUDE A GRAND PUY DUCASSE ROUGE,PRELUDE A GRANDPUY DUCASSE ROUGE,0.8979794520834955
1969,v114082,PUY CASTERA ROUGE,CHATEAU PUY CASTERA ROUGE,0.8975857538561238
1903,v119093,VIEUX ROBIN ROUGE,CHATEAU VIEUX ROBIN ROUGE,0.8972838563135477
1754,v120031,MALENGIN ROUGE,CHATEAU DE MALENGIN ROUGE,0.8972636828709948
1466,v126060,BON PASTEUR ROUGE,CHATEAU LE BON PASTEUR ROUGE,0.8972079354111353
1319,v118020,DAUZAC ROUGE,CHATEAU DAUZAC ROUGE,0.8971990314807612
1523,v126085,VIEUX MAILLET ROUGE,CHATEAU VIEUX MAILLET ROUGE,0.8969472706119197
1450,v311050,RESERVE DE MALARTIC BLANC,LA RESERVE DE MALARTIC BLANC BLSEC,0.8968210621894377
1598,v114079,PIERBONE ROUGE,CHATEAU PIERBONE ROUGE,0.896587208511801
2092,v111009,DALEM ROUGE,CHATEAU DALEM ROUGE,0.8963283434140662
2157,v126054,ROSE FIGEAC ROUGE,CHATEAU LA ROSE FIGEAC ROUGE,0.8958428131021426
1112,v126012,CERTAN DE MAY ROUGE,CHATEAU CERTAN DE MAY ROUGE,0.8956974334056448
2004,v121005,CAROLINE ROUGE,CHATEAU CAROLINE ROUGE,0.8954568968492924
2001,v116036,VIEUX MOULIN ROUGE,CHATEAU VIEUX MOULIN ROUGE,0.8954278072027938
2082,v130042,POMYS ROUGE,CHATEAU POMYS ROUGE,0.8946057273919891
1976,v114185,REYSSON ROUGE,CHATEAU REYSSON ROUGE,0.8941072117279073
1067,v125047,SMITH HAUT LAFITTE ROUGE,CHSMITH HAUT LAFITTE ROUGE ROUGE,0.8938579833268551
1781,v116013,LESTAGE ROUGE,CHATEAU LESTAGE ROUGE,0.8937100646704634
1289,v126062,LE GAY ROUGE,CHATEAU LE GAY ROUGE,0.8935357801699247
1013,v118046,PALMER ROUGE,CHATEAU PALMER ROUGE,0.8933602885328688
1990,v116001,BAUDAN ROUGE,CHATEAU BAUDAN ROUGE,0.892951742689115
1961,v114074,MIQUEU ROUGE,CHATEAU MIQUEU ROUGE,0.8925429359495632
1416,v125086,COQUILLAS ROUGE,CHATEAU COQUILLAS ROUGE ROUGE,0.8924935066646849
1312,v118074,HAUTS DU TERTRE ROUGE,LES HAUTS DU TERTRE ROUGE,0.8922045987710592
1524,v116006,FONREAUD ROUGE,CHATEAU FONREAUD ROUGE,0.8921081578142593
2078,v130003,ANDRON BLANQUET ROUGE,CHATEAU ANDRON BLANQUET ROUGE,0.8920070628825847
1557,v103020,BOLAIRE ROUGE,CHATEAU BOLAIRE ROUGE,0.8916689051044493
1710,v108028,BREHAT ROUGE,CHATEAU BREHAT ROUGE,0.8915258931469227
1310,v118116,ZEDE DE LABEGORCE ROUGE,CHATEAU ZEDE DE LABEGORCE ROUGE,0.8915171757312341
2123,v126125,CONNIVENCE ROUGE,CHATEAU LA CONNIVENCE ROUGE,0.8912171429897495
1242,v132030,DULUC DE BRANAIRE DUCRU ROUGE,DULUC DE BRANAIREDUCRU ROUGE,0.8911184268110025
2026,v130008,CLAUZET ROUGE,CHATEAU CLAUZET ROUGE,0.8909974381876564
1592,v124027,FLEUR PEYRABON ROUGE,CHATEAU LA FLEUR PEYRABON ROUGE,0.8908057735321313
1486,v119062,LOUDENNE ROUGE,CHATEAU LOUDENNE ROUGE,0.8907250846388879
1418,v125113,TOUR LEOGNAN ROUGE,CHATEAU TOUR LEOGNAN ROUGE ROUGE,0.8906844142539284
1875,v119155,RICAUDET ROUGE,CHATEAU RICAUDET ROUGE,0.8905653470887546
1356,v119131,ROQUE DE BY ROUGE,CHATEAU LA ROQUE DE BY ROUGE,0.8905335553114182
1785,v121016,POMEYS ROUGE,CHATEAU POMEYS ROUGE,0.890402887903768
2002,v121026,ANTHONIC ROUGE,CHATEAU ANTHONIC ROUGE,0.8903261794718444
2009,v121036,GUITIGNAN ROUGE,CHATEAU GUITIGNAN ROUGE,0.8899593404860128
1192,v126068,EVANGILE ROUGE,CHATEAU LEVANGILE ROUGE,0.8897048046641355
1195,v126048,FLEUR PETRUS ROUGE,CHATEAU LA FLEUR PETRUS ROUGE,0.8896459978988999
1565,v114194,VILLERANQUE ROUGE,CHATEAU VILLERANQUE ROUGE,0.8896361705414761
1257,v114025,CAMENSAC ROUGE,CHATEAU DE CAMENSAC ROUGE,0.8895895467289148
1390,v113013,CHANTEGRIVE ROUGE,CHATEAU DE CHANTEGRIVE ROUGE ROUGE,0.8894598283309497
1957,v114070,MAURAC ROUGE,CHATEAU MAURAC ROUGE,0.888645035405543
2007,v121007,DUTRUCH GRAND POUJEAUX ROUGE,CHATEAU DUTRUCH GRD POUJEAUX ROUGE,0.8886054714776328
1979,v114030,SAINTE GEMME ROUGE,CHATEAU DE SAINTE GEMME ROUGE,0.8885918682516833
1617,v301038,MAGREZ FOMBRAUGE BLANC,CHATEAU MAGREZ FOMBRAUGE BLC BLSEC,0.8884923728184558
1141,v124062,RESERVE COMTESSE ROUGE,RESERVE DE LA COMTESSE ROUGE,0.8883706768149522
1532,v115035,CHENADE ROUGE,LA CHENADE ROUGE,0.8883171945387903
1095,v412019,DOISY VEDRINES BLANC,CHATEAU DOISY VEDRINES BLDOUX,0.8880519917483993
2094,v301029,HAUT PEYRUGUET BLANC,CHATEAU HAUT PEYRUGUET BLANC BLSEC,0.8876358465841665
2028,v130084,COMMANDERIE ROUGE,CHATEAU LA COMMANDERIE ROUGE,0.8875957725252154
1186,v412008,BASTOR LAMONTAGNE BLANC,CHATEAU BASTOR LAMONTAGNE BLDOUX,0.8875801323955532
1734,v311027,LUCHEY HALDE BLANC,CHATEAU LUCHEY HALDE BLANC BLSEC,0.887044531679785
1641,v114086,SENEJAC ROUGE,CHATEAU SENEJAC ROUGE,0.8868986478892615
1080,v311005,CARBONNIEUX BLANC,CHATEAU CARBONNIEUX BLANC BLSEC,0.886705226180808
2080,v130013,MARBUZET ROUGE,CHATEAU DE MARBUZET ROUGE,0.8864299395827705
1737,v311047,HALDES DE LUCHEY BLANC,LES HALDES DE LUCHEY BLANC BLSEC,0.8858805822859316
2156,v120042,DAME BOUARD ROUGE,LA DAME DE BOUARD ROUGE,0.8858246504083619
1953,v114064,LIVERSAN ROUGE,CHATEAU LIVERSAN ROUGE,0.8854311933771974
2065,v114094,VERDIGNAN ROUGE,CHATEAU VERDIGNAN ROUGE,0.8853830864994566
1172,v121004,BRILLETTE ROUGE,CHATEAU BRILLETTE ROUGE,0.8847112122159508
1149,v124038,PIBRAN ROUGE,CHATEAU PIBRAN ROUGE,0.8844023436950168
1860,v119016,PANIGON ROUGE,CHATEAU DE PANIGON ROUGE,0.8841142449770127
1987,v114093,TOURTERAN ROUGE,CHATEAU TOURTERAN ROUGE,0.8838296638382613
1894,v119090,TOUR SERAN ROUGE,CHATEAU TOUR SERAN ROUGE,0.8828103137972222
1546,v130061,PAGODES DE COS ROUGE,LES PAGODES DE COS ROUGE ROUGE,0.8824389174474165
1884,v119083,SIGOGNAC ROUGE,CHATEAU SIGOGNAC ROUGE,0.8821920254478695
1932,v114032,DOYAC ROUGE,CHATEAU DOYAC ROUGE,0.8821213325085187
1193,v126040,CONSEILLANTE ROUGE,CHATEAU LA CONSEILLANTE ROUGE,0.8819908705599411
1829,v119120,GRIVIERE ROUGE,CHATEAU GRIVIERE ROUGE,0.8819744080545019
1845,v119060,LIVRAN ROUGE,CHATEAU LIVRAN ROUGE,0.8818384795507214
1259,v126081,TAILLEFER ROUGE,CHATEAU TAILLEFER ROUGE,0.8812223743923698
1801,v119011,BOURNAC ROUGE,CHATEAU BOURNAC ROUGE,0.88106517625572
2034,v130041,PLANTIER ROSE ROUGE,CHATEAU PLANTIER ROSE ROUGE,0.8809820745046526
1052,v130038,MONTROSE ROUGE,CHATEAU MONTROSE ROUGE,0.8809162839520249
1809,v119124,CHANDELLIERE ROUGE,CHATEAU LA CHANDELLIERE ROUGE,0.880835994538385
1352,v114028,LAMARQUE ROUGE,CHATEAU DE LAMARQUE ROUGE,0.8808214010449976
1399,v124011,ARMAILHAC ROUGE,CHATEAU DARMAILHAC ROUGE,0.8807792856881781
1473,v311091,CHENES DE BOUSCAUT BLANC,LES CHENES DE BOUSCAUT BLANC BLSEC,0.8805499578641345
2064,v114089,SOUDARS ROUGE,CHATEAU SOUDARS ROUGE,0.8804627473022513
2036,v130046,SERILHAN ROUGE,CHATEAU SERILHAN ROUGE,0.8804526702846042
1182,v311020,LARRIVET HAUT BRION BLANC,CH LARRIVET HAUT BRION BLANC BLSEC,0.8804097054412665
1717,v125013,COUHINS ROUGE,CHATEAU COUHINS ROUGE ROUGE,0.8798320890641166
1147,v124047,ROSE PAUILLAC,LA ROSE PAUILLAC ROUGE,0.8792935061255709
2143,v119052,VIEUX SERESTIN ROUGE,CHATEAU LE VIEUX SERESTIN ROUGE,0.8791518243109279
1939,v114121,GRANDIS ROUGE,CHATEAU GRANDIS ROUGE,0.8791067315485876
2122,v102155,PETITE LUNE ROUGE,LA PETITE LUNE ROUGE ROUGE,0.8790277926995559
1721,v125088,LEOGNAN ROUGE,CHATEAU DE LEOGNAN ROUGE,0.8790190978441449
1357,v119086,TOUR DE BY ROUGE,CHATEAU TOUR DE BY ROUGE,0.8783457055974366
1144,v124052,FORTS DE LATOUR ROUGE,LES FORTS DE LATOUR ROUGE,0.8783383054569367
1181,v311030,PAPE CLEMENT BLANC,CHATEAU PAPE CLEMENT BLANC BLSEC,0.8779188110799301
1677,v117024,RIVAL ROUGE,LE RIVAL ROUGE,0.877569622542162
1514,v301041,MONBOUSQUET BLANC,CHATEAU MONBOUSQUET BLANC BLSEC,0.8774922675119781
1107,v102067,ROSIERS ROUGE,CHATEAU LES ROSIERS ROUGE,0.8770058902593382
1994,v116027,ERMITAGE ROUGE,CHATEAU LERMITAGE ROUGE,0.8767516417587836
1764,v115027,SIAURAC ROUGE,CHATEAU SIAURAC ROUGE,0.8751740765978355
1009,v118030,GISCOURS ROUGE,CHATEAU GISCOURS ROUGE,0.874920439248101
2176,v301141,BLANC SEC DE CH SUDUIRAUT BLANC,LE BLANC SEC DE SUDUIRAUT BLSEC,0.8743032503202921
1093,v125098,LA GARDE ROUGE,CHATEAU LA GARDE ROUGE ROUGE,0.8742741341913047
S001,v126037,HOSANNA ROUGE,CHATEAU HOSANNA ROUGE,0.8741774235312029
1824,v119127,GRANGE DE BESSAN ROUGE,CHATEAU LA GRANGE DE BESSAN ROUGE,0.8741461881214219
2053,v130015,DOMEYNE ROUGE,CHATEAU DOMEYNE ROUGE,0.8741077867726554
1757,v119054,GRANDS CHENES ROUGE,CHATEAU LES GRANDS CHENES ROUGE,0.8732199933470637
1916,v114002,BEL ORME TRONQUOY DE LALANDE ROUGE,CHBEL ORME TRONQUOY DE LALAND ROUGE,0.8731073798197025
1106,v126023,FAYAT ROUGE,CHATEAU FAYAT ROUGE,0.8729944406492313
1064,v125027,TOUR HAUT BRION ROUGE,CHATEAU LA TOUR HAUT BRION ROUGE,0.8724466165798983
1595,v103079,PLAISANCE ROUGE,CHATEAU PLAISANCE ROUGE,0.8723604354239967
1029,v132024,TALBOT ROUGE,CHATEAU TALBOT ROUGE,0.8720426968833945
1566,v126072,MOULINET ROUGE,CHATEAU MOULINET ROUGE,0.8718178703593028
1288,v412059,LIONS DE SUDUIRAUT BLANC,LES LIONS DE SUDUIRAUT BLDOUX,0.8717425793904673
S044,v114145,VILLEGEORGE ROUGE,CHATEAU DE VILLEGEORGE ROUGE,0.8713210179296187
1316,v118017,ANGLUDET ROUGE,CHATEAU DANGLUDET ROUGE,0.8711737355884177
1554,v114027,GIRONVILLE ROUGE,CHATEAU DE GIRONVILLE ROUGE,0.8710668475957893
1918,v114132,BIBIAN ROUGE,CHATEAU BIBIAN ROUGE,0.8705666493152813
1348,v114139,ARVIGNY ROUGE,CHATEAU DARVIGNY ROUGE,0.8703611825411525
1574,v412050,SIGALAS RABAUD BLANC,CHATEAU SIGALAS RABAUD BLDOUX,0.8701588083837691
1846,v119061,LOIRAC ROUGE,CHATEAU LOIRAC ROUGE,0.8698893701079587
1375,v126042,CROIX DE GAY ROUGE,CHATEAU LA CROIX DE GAY ROUGE,0.8698671981502498
1069,v125008,BOUSCAUT ROUGE,CHATEAU BOUSCAUT ROUGE ROUGE,0.8697094231812472
1897,v119058,TROIS MANOIRS ROUGE,CHATEAU LES TROIS MANOIRS ROUGE,0.8693912331989166
1909,v114024,AURILHAC ROUGE,CHATEAU DAURILHAC ROUGE,0.869245309125249
2008,v121008,GRESSIER GRAND POUJEAUX ROUGE,CHATEAU GRESSIER GRD POUJEAUX ROUGE,0.8684699141051075
1278,v118064,CONFIDENCES PRIEURE LICHINE ROUGE,CONFIDENCES DE PRIEURELICHINE ROUGE,0.868063724788587
1480,v311031,PICQUE CAILLOU BLANC,CHATEAU PICQUE CAILLOU BLANC BLSEC,0.8676264066119603
1533,v115024,CRUZELLES ROUGE,CHATEAU LES CRUZELLES ROUGE,0.8661973961533935
1887,v119160,TOUR BLANCHE ROUGE,CHATEAU TOUR BLANCHE ROUGE,0.8660524199948876
1766,v124015,GAUDIN ROUGE,CHATEAU GAUDIN ROUGE,0.865853423370971
1797,v119113,BENSSE ROUGE,CHATEAU DE BENSSE ROUGE,0.8657307006182273
1293,v130030,BOSCQ ROUGE,CHATEAU LE BOSCQ ROUGE,0.8656718217660367
1900,v119163,VERNOUS ROUGE,CHATEAU VERNOUS ROUGE,0.8653587698308708
1658,v126043,CROIX DU CASSE ROUGE,CHATEAU LA CROIX DU CASSE ROUGE,0.8648452133584144
1602,v131001,CALON ROUGE,CHATEAU CALON ROUGE,0.864412262064422
1676,v127011,SOLEIL ROUGE,CHATEAU SOLEIL ROUGE,0.8642634425840516
1151,v130036,MEYNEY ROUGE,CHATEAU MEYNEY ROUGE,0.8640522012284374
1908,v114003,ARNAULD ROUGE,CHATEAU ARNAULD ROUGE,0.8637301487206142
1989,v114144,VILLAMBIS ROUGE,CHATEAU DE VILLAMBIS ROUGE,0.8620591342834726
1567,v121010,GARRICQ ROUGE,CHATEAU LA GARRICQ ROUGE,0.8618923984407237
2061,v132056,TEYNAC ROUGE,CHATEAU TEYNAC ROUGE,0.8618017094644296
1672,v130037,MIGNOT ROUGE,CHATEAU MIGNOT ROUGE,0.8610918484259976
2150,v412136,SYMPHONIE HAUT PEYRAGUEY BLANC,SYMPHONIE DE HAUTPEYRAGUEY BLDOUX,0.8610735207216185
1380,v128034,ST PAUL DE DOMINIQUE ROUGE,SAINT PAUL DE LA DOMINIQUE ROUGE,0.8607465307608798
1716,v125010,BROWN ROUGE,CHATEAU BROWN ROUGE ROUGE,0.8603808195688409
1470,v311075,TOUR LEOGNAN BLANC,CHATEAU TOUR LEOGNAN BLANC BLSEC,0.8602043409533356
1074,v311022,LAVILLE HAUT BRION BLANC,CHATEAU LAVILLE HAUT BRION BLC BLSEC,0.8598011657472205
1333,v114026,CANDALE ROUGE,CHATEAU DE CANDALE ROUGE,0.859305500973136
2159,v102093,THIEULEY ROUGE,CHATEAU THIEULEY ROUGE ROUGE,0.8581534041896616
2209,v102169,BORDEAUX ROUGEBERNARD MAGREZ,BERNARD MAGREZ BORDEAUX ROUGE ROUGE,0.858063155206275
1465,v311033,SMITH HAUT LAFITTE BLANC,CH SMITH HAUT LAFITTE BLANC BLSEC,0.8580159442935272
1935,v114151,FONTESTEAU ROUGE,CHATEAU FONTESTEAU ROUGE,0.8577321854034644
2186,v113024,HAURA ROUGE,CHATEAU HAURA ROUGE,0.8569883955395461
1934,v114047,FON DU BERGER ROUGE,CHATEAU LA FON DU BERGER ROUGE,0.856669760126334
1368,v126087,POINTE RIFFAT ROUGE,CHT LA POINTE RIFFAT ROUGE,0.856571725309507
1870,v119074,PONTEY ROUGE,CHATEAU PONTEY ROUGE,0.8565594894075116
2081,v130092,MORIN ROUGE,CHATEAU MORIN ROUGE,0.8565573735600995
2079,v130071,HAUT BEAUSEJOUR ROUGE,CHATEAU BEAUSEJOUR ROUGE,0.8564780751801077
1496,v412067,PETIT VEDRINES BLANC,CH PETIT VEDRINES BLDOUX,0.8564007316261112
3106,v501005,BRUT MAJEUR BLANCAYALA,AYALA BRUT MAJEUR BLSEC,0.8563972336725421
1460,v311055,COQUILLAS BLANC,CHATEAU COQUILLAS BLANC BLSEC,0.8562303603376589
1866,v119071,PLAGNAC ROUGE,CHATEAU PLAGNAC ROUGE,0.85600093854918
1297,v110010,MARSAU ROUGE,CHATEAU MARSAU ROUGE,0.8557084120098061
2110,v114109,CALECHES LANESSAN ROUGE,LES CALECHES DE LANESSAN ROUGE,0.8556032542781646
1244,v126029,GAZIN ROUGE,CHATEAU GAZIN ROUGE,0.8547090481730522
1403,v125070,HAUTS DE SMITH ROUGE,LES HAUTS DE SMITH RGE ROUGE,0.8546595985389546
1132,v118054,TAYAC ROUGE,CHATEAU TAYAC ROUGE,0.8540377061478107
1185,v308051,RAHOUL BLANC,CHATEAU RAHOUL BLSEC,0.8540265745154368
1762,v128021,SIMARD ROUGE,CHATEAU SIMARD ROUGE,0.8539848577327406
1508,v118055,TOUR DE BESSAN ROUGE,CHATEAU LA TOUR DE BESSAN ROUGE,0.853702210675057
1256,v126015,CLINET ROUGE,CHATEAU CLINET ROUGE,0.8532482543424195
1968,v114080,PONTOISE CABARRUS ROUGE,CHATEAU PONTOISECABARRUS ROUGE,0.852919482694666
1730,v113020,DOMS ROUGE,CHATEAU DOMS ROUGE,0.8521667211809366
1865,v119041,PIROUETTE ROUGE,CHATEAU LA PIROUETTE ROUGE,0.8521395904553893
1325,v118032,KIRWAN ROUGE,CHATEAU KIRWAN ROUGE,0.8521036503773428
1520,v108005,AIGUILHE ROUGE,CHATEAU DAIGUILHE ROUGE,0.851677845393359
1649,v111025,TROIS CROIX ROUGE,CHATEAU LES TROIS CROIX ROUGE,0.8511822136380435
1857,v119149,MERIC ROUGE,CHATEAU MERIC ROUGE,0.8510007976554385
1404,v125144,RESERVE DE PICQUE CAILLOU ROUGE,RESERVE DE PICQUECAILLOU ROUGE,0.8509146966365072
1479,v311013,HAUT BERGEY BLANC,CHATEAU HAUT BERGEY BLANC BLSEC,0.8506907391861989
E1535,v703004,ECHEZEAUX GC ROUGEFRANCOIS LAMARCHE,ECHEZEAUX FRANCOIS LAMARCHE ROUGE,0.8504813280542578
1298,v308006,CHANTEGRIVE BLANC,CHATEAU DE CHANTEGRIVE BLANC BLSEC,0.8504517923787334
2211,v301117,BORDEAUX BLANCBERNARD MAGREZ,BERNARD MAGREZ BORDEAUX BLANC BLSEC,0.8500386216670464
1749,v118062,CLOS DU JAUGUEYRON NOUT ROUGE,CLOS DU JAUGUEYRON ROUGE,0.8498826591419476
1859,v119056,ORMES SORBET ROUGE,CHATEAU LES ORMES SORBET ROUGE,0.8495779699405824
2068,v114060,MEYNIEU ROUGE,CHATEAU LE MEYNIEU ROUGE,0.8494914395960653
J959,v602003,HARLAN ESTATE NAPA VALLEY ROUGEHARLAN ESTATE,HARLAN ESTATE ROUGE,0.8494593485600702
1800,v119049,BOURDIEU ROUGE,CHATEAU LE BOURDIEU ROUGE,0.8489639472666798
1241,v126046,FLEUR DE GAY ROUGE,CHATEAU LA FLEUR DE GAY ROUGE,0.84888058190739
1955,v114143,MALLERET ROUGE,CHATEAU DE MALLERET ROUGE,0.8484213669043232
1572,v412052,CLOS HAUT PEYRAGUEY BLANC,NPU CLOS HAUT PEYRAGUEY BLDOUX,0.848090230395255
1136,v132007,GLORIA ROUGE,CHATEAU GLORIA ROUGE,0.847805240959818
1819,v119119,FONTIS ROUGE,CHATEAU FONTIS ROUGE,0.8475998325616777
1057,v114049,TOUR CARNET ROUGE,CHATEAU LA TOUR CARNET ROUGE,0.846688801803244
2155,v120029,CLOS BOUARD ROUGE,CHATEAU CLOS DE BOUARD ROUGE,0.8466861247293583
1606,v128061,LA CLOTTE ROUGE,L DE LA CLOTTE ROUGE,0.8466542000519147
1910,v114004,BALAC ROUGE,CHATEAU BALAC ROUGE,0.8466016344181776
1131,v118006,BEL AIR MARQUIS ALIGRE ROUGE,CH BEL AIR MARQUIS DALIGRE ROUGE,0.845923261071621
1733,v311060,HAUT LAGRANGE BLANC,CHATEAU HAUT LAGRANGE BLANC BLSEC,0.8459128308998108
1715,v125009,BRANON ROUGE,CHATEAU BRANON ROUGE,0.8455482785996582
1907,v114022,ARCINS ROUGE,CHATEAU DARCINS ROUGE,0.8448143082018083
1541,v111021,VIEILLE CURE ROUGE,CHATEAU LA VIEILLE CURE ROUGE,0.844523266071913
3112,v501009,CLOS D AMBONNAY BLANCKRUG,KRUG CLOS D AMBONNAY BLSEC,0.8441090714979219
1858,v119067,NOAILLAC ROUGE,CHATEAU NOAILLAC ROUGE,0.843696182536387
1073,v125014,FIEUZAL ROUGE,CHATEAU DE FIEUZAL ROUGE ROUGE,0.8432863131411247
1590,v103092,COURTEILLAC ROUGE,DNE DE COURTEILLAC ROUGE ROUGE,0.8426543253213437
2060,v132010,BRIDANE ROUGE,CHATEAU LA BRIDANE ROUGE,0.8425452634264329
1299,v128004,BRUN ROUGE,CHATEAU BRUN ROUGE,0.8424423574493978
1150,v130034,ORMES DE PEZ ROUGE,CHATEAU ORMES DE PEZ ROUGE,0.8419644432125457
1731,v311006,COUHINS BLANC,CHATEAU COUHINS BLANC BLSEC,0.8410577495907491
2022,v124080,PLANTEY ROUGE,CHATEAU PLANTEY ROUGE,0.8405674988292979
1104,v126079,ROUGET ROUGE,CHATEAU ROUGET ROUGE,0.8405419002935683
2121,v301138,PETITE LUNE BLANC,LA PETITE LUNE BLANC BLSEC,0.8398448977275076
J1235,v800010,TOSCANA VILLA ANTINORI ROUGEANTINORI,ANTINORI VILLA ANTINORI ROUGE,0.8397826164273311
1374,v126038,CABANNE ROUGE,CHATEAU LA CABANNE ROUGE,0.8395194820216771
1441,v118029,FERRIERE ROUGE,CHATEAU FERRIERE ROUGE,0.839470546901685
1856,v119143,MOURLANES ROUGE,CHATEAU LES MOURLANES ROUGE,0.8392753408444821
1216,v128065,CANON LA GAFFELIERE ROUGE,LES HAUTSCANON LA GAFFELIERE ROUGE,0.8390344542350404
1759,v126076,PLINCE ROUGE,CHATEAU PLINCE ROUGE,0.838900969413281
1207,v126032,GUILLOT ROUGE,CHATEAU GUILLOT ROUGE,0.838731229297327
1448,v311048,HAUTS DE SMITH BLANC,LES HAUTS DE SMITH BLC BLSEC,0.8384799479321756
1924,v114149,CARTILLON ROUGE,CHATEAU DU CARTILLON ROUGE,0.8382135081614519
2149,v114226,PENSEES TOUR CARNET ROUGE,LES PENSEES DE LA TOUR CARNET ROUGE,0.8368659353497496
1078,v311002,BOUSCAUT BLANC,CHATEAU BOUSCAUT BLANC BLSEC,0.8367961142669132
1807,v119037,CARDONNE ROUGE,CHATEAU LA CARDONNE ROUGE,0.8363009389421249
1360,v121019,SALLE DE CH POUJEAUX ROUGE,LA SALLE DE CHATEAU POUJEAUX ROUGE,0.8359407059683259
2114,v111003,ARNAUTON ROUGE,CHATEAU ARNAUTON ROUGE,0.8354638735499376
1886,v119139,TEMPLE ROUGE,CHATEAU LE TEMPLE ROUGE,0.8343753815996607
2108,v301079,R DE CH RIEUSSEC BLANC,R DE RIEUSSEC BLSEC,0.8331392632867317
1727,v113056,CASTRES ROUGE,CHATEAU DE CASTRES ROUGE ROUGE,0.8329526796121571
2188,v106006,REYNON ROUGE,CHATEAU REYNON ROUGE ROUGE,0.8321906571342386
1160,v114016,CITRAN ROUGE,CHATEAU CITRAN ROUGE,0.8321485387390289
2216,v301156,BLANC DE VALANDRAUD BLANC,VALANDRAUD BLANC BLSEC,0.8310700884515613
1537,v301058,LUNE D ARGENT BLANCCLOS DES LUNES,CLOS DES LUNES LUNE DARGENT BLSEC,0.8297951473915463
2205,v125006,BARET ROUGE,CHATEAU BARET ROUGE,0.829248468145191
1790,v119141,ANGUILLEYS ROUGE,CHATEAU LES ANGUILLEYS ROUGE,0.8283831287092379
1926,v114015,CISSAC ROUGE,CHATEAU CISSAC ROUGE,0.8281142069635059
1732,v311003,BROWN BLANC,CHATEAU BROWN BLANC BLSEC,0.8280077807954256
1958,v114071,MEYRE ROUGE,CHATEAU MEYRE ROUGE,0.82699426653319
2227,v132005,LE PETIT DUCRU DE DUCRUBEAUCAILLOU ROUGE,CHATEAU DUCRUBEAUCAILLOU ROUGE,0.826831038021986
1290,v301065,G DE CH GUIRAUD BLANC,G DE GUIRAUD BLSEC,0.8262740200749232
2109,v301053,THIEULEY BLANC,CHATEAU THIEULEY BLANC BLSEC,0.8261949489387281
1780,v301056,FONREAUD CYGNE BLANC,CHATEAU FONREAUD LE CYGNE BLSEC,0.8260352492259743
1130,v118057,TOUR DE MONS ROUGE,CHATEAU LA TOUR DE MONS ROUGE,0.8259987403718575
1739,v301115,LOUDENNE BLANC,CHATEAU LOUDENNE BLANC BLSEC,0.8256167035232101
1254,v124043,ECHO DE LYNCH BAGES ROUGE,ECHO DE LYNCHBAGES ROUGE,0.8252500011564446
1922,v114148,BREUIL ROUGE,CHATEAU DU BREUIL ROUGE,0.825024722927563
1718,v125090,ECK ROUGE,CHATEAU DECK ROUGE,0.8249852579934186
1542,v125003,CHAPELLE MISSION ROUGE,LA CHAPELLE DE LA MISSION ROUGE,0.8249745585871809
J1797,v800007,TOSCANA TESTAMATTA ROUGEBIBI GRAETZ,BIBI GRAETZ TESTAMATTA ROUGE,0.8248326188643316
1921,v114140,BRAUDE ROUGE,CHATEAU DE BRAUDE ROUGE,0.8246848430031193
1155,v130004,BEAU SITE HAUT VIGNOBLE ROUGE,CHATEAU BEAU SITE HT VIGNOBLE ROUGE,0.8245804703840962
1724,v125033,LE SARTRE ROUGE,CHATEAU LE SARTRE RGE ROUGE,0.8240775645582341
2219,v103136,CHAPELLE ALIENOR ROUGE,CHATEAU CHAPELLE D ALIENOR ROUGE,0.823629588162423
1783,v412075,BRUMES TOUR BLANCHE BLANC,BRUMES DE LA TOUR BLANCHE BLDOUX,0.8225487211206387
1553,v111019,DAUPHINE ROUGE,CHATEAU DE LA DAUPHINE ROUGE,0.8221179238733423
1247,v115013,VIAUD ROUGE,CHATEAU DE VIAUD ROUGE,0.8203939537990147
2128,v126080,ST PIERRE POMEROL ROUGE,CHATEAU ST PIERRE A POMEROL ROUGE,0.8203781917588251
1224,v128027,GRANGE NEUVE DE FIGEAC ROUGE,LA GRANGENEUVE DE FIGEAC ROUGE,0.8193116281168498
F488,v614001,COTES RHONE COUDOULET BEAUCASTEL ROUGEBEAUCASTEL,COUDOULET DE BEAUCASTEL ROUGE,0.8192647084826767
1891,v119057,TOURELLES ROUGE,CHATEAU LES TOURELLES ROUGE,0.8190537846392223
2225,v110013,INFINI DE CHATEAU DE FRANCS ROUGECHATEAUX DE FRANCS,INFINI DE CHATEAU DE FRANCS ROUGE,0.8183302555885381
1183,v311008,FIEUZAL BLANC,CHATEAU DE FIEUZAL BLANC BLSEC,0.8170405197975014
1086,v412051,SUDUIRAUT BLANC,CHATEAU SUDUIRAUT BLDOUX,0.8161347035020448
2019,v118111,PONTET CHAPPAZ ROUGE,CHATEAU PONTETCHAPPAZ ROUGE,0.8154651225409141
2087,v131006,CAP ST GEORGE ROUGE,CHATEAU CAP SAINT GEORGE ROUGE,0.8133963306670094
3008,v501002,CRISTAL BLANCROEDERER,LOUIS ROEDERER CRISTAL BLSEC,0.813185103761662
1410,v125100,LAGRAVE MARTILLAC ROUGE,CHATEAU LAGRAVEMARTILLAC ROUGE,0.8125876762405894
G415,v519001,SYRAH PIGGOTT RANGE ROUGECLARENDON HILLS,CLARENDON HILLS PIGGOT RANGE ROUGE,0.8121425787233874
1028,v412121,JEUNES POUSSES DE RAYMOND LAFON BLANC,JEUNES POUSSES RAYMONDLAFON BLDOUX,0.8116886171454721
1791,v119014,ARGAN ROUGE,CHATEAU DARGAN ROUGE,0.8116763361522062
1176,v125127,CARMES HAUT BRION ROUGE,LE CLOS DES CARMES HAUT BRION ROUGE,0.8115960057030751
1085,v412084,RAYNE VIGNEAU BLANC,CHATEAU DE RAYNE VIGNEAU BLDOUX,0.8106990573620555
1999,v116034,SARANSOT DUPRE ROUGE,CHATEAU SARANSOTDUPRE ROUGE,0.8106661062238424
1841,v119142,LATTES ROUGE,CHATEAU LES LATTES ROUGE,0.8099960836814676
2056,v118034,GURGUE ROUGE,CHATEAU LA GURGUE ROUGE,0.8088007045485562
S013,v118048,POUGET ROUGE,CHATEAU POUGET ROUGE,0.8079639912814958
1063,v125026,MISSION HAUT BRION ROUGE,CHATEAU LA MISSION HAUTBRION ROUGE,0.8075400858368457
1406,v125123,SEIGNEURERIE OLIVIER ROUGE,LA SEIGNEURERIE DOLIVIER ROUGE,0.8071034724260864
1898,v119144,TUILERIES ROUGE,CHATEAU LES TUILERIES ROUGE,0.8067610549297475
1424,v114088,SOCIANDO MALLET ROUGE,CHATEAU SOCIANDOMALLET ROUGE,0.8062488265693155
1429,v125005,BAHANS HAUT BRION ROUGE,LE BAHANS DU CH HAUT BRION ROUGE,0.8059185260807811
1965,v114176,MURET ROUGE,CHATEAU MURET ROUGE,0.805850609211793
S046,v130078,CHAMBERT MARBUZET ROUGE,CHATEAU CHAMBERTMARBUZET ROUGE,0.8057633817410165
1904,v114215,AGASSAC ROUGE,LAGASSANT DAGASSAC ROUGE,0.8054500251529725
1659,v111001,JEANDEMAN CUVEE LA CHENERAIE ROUGE,CH JEANDEMAN CUVEE LA CHENERAI ROUGE,0.8046438791201482
1970,v125065,CLARENCE HAUT BRION ROUGE,LE CLARENCE DE HAUTBRION ROUGE,0.8045232292335618
1206,v126067,ENCLOS ROUGE,CHATEAU LENCLOS ROUGE,0.8040850092938641
1536,v301059,LUNE D OR BLANCCLOS DES LUNES,CLOS DES LUNES LUNE DOR BLSEC,0.8034430257806369
1812,v119112,CLEMENT SAINT JEAN ROUGE,CHATEAU CLEMENT SAINTJEAN ROUGE,0.8033455147049503
1056,v114048,LAGUNE ROUGE,CHATEAU LA LAGUNE ROUGE,0.8030281798927494
E051,v554001,CHAMBERTIN CLOS BEZE GC ROUGELL,AR CHAMBERTIN CLOS DE BEZE ROUGE,0.8021866593514158
1930,v114146,DEVISE D ARDILLEY ROUGE,CHATEAU DEVISE DARDILLEY ROUGE,0.8019033183132153
2178,v301108,TOUR CARNET BLANC,CHATEAU LA TOUR CARNET BLANC BLSEC,0.8004355311603563
1055,v118008,MARQUIS ALESME ROUGE,CHATEAU MARQUIS DALESME ROUGE,0.7998418745667687
1175,v125030,LARRIVET HAUT BRION ROUGE,CH LARRIVET HAUTBRION ROUGE ROUGE,0.799119832189132
E1034,v544002,CHAMBOLLE M 1C ROUGECOMTE G VOGUE,COMTE DE VOGUE CHAMBOLLE ROUGE,0.796528541495967
1143,v124050,LACOSTE BORIE ROUGE,LACOSTEBORIE ROUGE,0.7954946943551591
1545,v400017,COUTET CUVEE MADAME BLANC,CUVEE MADAME DE CHATEAU COUTET BLDOUX,0.7953132182465319
1250,v115023,ANNEREAUX ROUGE,CHATEAU LES ANNEREAUX ROUGE,0.7952424320873454
3278,v501010,BELLE EPOQUE BLANCPERRIER JOUET,PERRIERJOUET BELLE EPOQUE BLSEC,0.7950964552990669
1279,v110002,FRANCS ROUGE,CHATEAU DE FRANCS ROUGE,0.794788156216142
1728,v113057,CERONS ROUGE,CHATEAU DE CERONS ROUGE ROUGE,0.7936736225963086
3130,v501011,COMTES DE CHAMPAGNE ROSE ROSETAITTINGER,TAITTINGER COMTES DE CHAMPAGNE BLSEC,0.7936421557960198
1042,v124064,CROIZET BAGES ROUGE,ALIAS CROIZET BAGES ROUGE,0.7922178157251216
1099,v118018,ARSAC ROUGE,CHATEAU DARSAC ROUGE,0.7908885226078547
9080,v114097,CAISSE DEC CHASSE SPLEENERMITAGE,ERMITAGE DE CHASSE SPLEEN ROUGE,0.790427740139491
1515,v108018,STE COLOMBE ROUGE,CHATEAU SAINTE COLOMBE ROUGE,0.790189476246191
1736,v311024,LE SARTRE BLANC,CHATEAU LE SARTRE BLC BLSEC,0.7895245348618335
1412,v125137,HAUTS DE LARRIVET HAUT BRION ROUGE,LES HAUTS DE LARRIVET HTBRION ROUGE,0.7893737471629348
1485,v130014,PEZ ROUGE,CHATEAU DE PEZ ROUGE,0.7889509308687481
F1006,v620003,RIESLING SCHLOSSBERG BLANCBOTT GEYL,MS RIESLING SCHLOSSBERG BLSEC,0.7888015321908269
1499,v412127,FLEURS DE MALLE BLANC,LES FLEURS DE MALLE BLDOUX,0.7884799776556632
1402,v301003,BLANC DE LYNCH BAGES BLANC,BLANC DE LYNCHBAGES BLSEC,0.7883531015108843
1601,v118053,SIRAN ROUGE,CHATEAU SIRAN ROUGE,0.787350576403069
1096,v125019,FERRAN ROUGE,CHATEAU FERRAN ROUGE ROUGE,0.7869069054609832
1370,v126001,BLASON EVANGILE ROUGE,BLASON DE LEVANGILE ROUGE,0.7866618528723263
1077,v308001,CHANTEGRIVE CAROLINE BLANC,CH DE CHANTEGRIVE CCAROLINE BLSEC,0.7864660796966565
1032,v132003,BRANAIRE DUCRU ROUGE,CHATEAU BRANAIREDUCRU ROUGE,0.7864538981055668
1308,v126053,POINTE ROUGE,CHATEAU LA POINTE ROUGE,0.786036533223414
E212,v704001,GRANDS ECHEZEAUX GC ROUGELL,DRC GRANDS ECHEZEAUX ROUGE,0.7836544060890162
1906,v114021,ARCHE ROUGE,CHATEAU DARCHE ROUGE,0.782466559164507
J1798,v800008,TOSCANA COLORE ROUGEBIBI GRAETZ,BIBI GRAETZ COLORE ROUGE,0.7818989188411958
1198,v126073,NENIN ROUGE,CHATEAU NENIN ROUGE,0.7815439430627577
1236,v106011,CARIGNAN PRIMA ROUGE,CHATEAU CARIGNAN CUVEE PRIMA ROUGE,0.7806234859494768
1089,v412028,GUIRAUD BLANC,CHATEAU GUIRAUD BLDOUX,0.7793378889435391
1851,v119166,MOINES ROUGE,CHATEAU LES MOINES ROUGE,0.7792369996125905
2206,v311001,BARET BLANC,CHATEAU BARET BLANC BLSEC,0.7792219544274158
1043,v124016,GRAND PUY DUCASSE ROUGE,CHATEAU GRANDPUY DUCASSE ROUGE,0.7787522580710287
1165,v128011,PETIT FIGEAC ROUGE,CHATEAU FRANC PETIT FIGEAC ROUGE,0.7783785807037531
1097,v412023,FILHOT BLANC,CHATEAU FILHOT BLDOUX,0.7772186989346194
2027,v130012,COME ROUGE,CHATEAU DE COME ROUGE,0.7771963906089343
1966,v114078,PEYRAT FOURTHON ROUGE,CHATEAU PEYRAT FOURTHON CASHER ROUGE,0.776779803172171
1170,v121006,CHASSE SPLEEN ROUGE,CHATEAU CHASSESPLEEN ROUGE,0.776525583230194
1091,v412131,RABAUD PROMIS BLANC,PROMESSE DE RABAUD PROMIS BLDOUX,0.7765072421307514
1498,v412133,STE HELENE DU CH DE MALLE BLANC,SAINTE HELENE DE CH DE MALLE BLDOUX,0.7750691876822009
E036,v138002,RULLY 1C RABOURCE BLANCOL,OL RULLY RABOURCE BLSEC,0.7750047497862628
1083,v412033,TOUR BLANCHE BLANC,CHATEAU LA TOUR BLANCHE BLDOUX,0.7743866686595494
1821,v119039,GORCE ROUGE,CHATEAU LA GORCE ROUGE,0.7738983844242847
1223,v128059,CLOS LA GAFFELIERE ROUGE,DOMAINE DE LA GAFFELIERE ROUGE,0.7732958812082644
1405,v125130,DAUPHIN OLIVIER ROUGE,LE DAUPHIN DOLIVIER ROUGE ROUGE,0.7724247994238068
2096,v412038,JUSTICES BLANC,CHATEAU LES JUSTICES BLDOUX,0.7716319968242452
1457,v311094,HAUTS DE LARRIVET HAUT BRION BLANC,LES HAUTS DE LARRIVET HTBRION BLSEC,0.7713322431834854
1090,v412046,RIEUSSEC BLANC,CHATEAU RIEUSSEC BLDOUX,0.7704501847758962
1655,v118007,MALESCOT ST EXUPERY ROUGE,CHATEAU MALESCOT SAINTEXUPERY ROUGE,0.7700264279377569
1051,v130009,COS D ESTOURNEL ROUGE,CHATEAU COS DESTOURNEL ROUGE,0.7694058287493394
1974,v114036,RETOUT ROUGE,CHATEAU DU RETOUT ROUGE,0.7684084437621376
1203,v126017,SALES ROUGE,CHATEAU DE SALES ROUGE,0.7673675455007853
F1424,v702002,LIMOUX CAPITELLE DOMAINE BARONARQUES ROUGE,LA CAPITELLE DE BARONARQUES ROUGE,0.7672312238159644
1822,v119040,GORRE ROUGE,CHATEAU LA GORRE ROUGE,0.7669325905865833
1694,v301061,COS D ESTOURNEL BLANC,COS DESTOURNEL BLANC BLSEC,0.7663631583173988
1704,v126112,BOURGNEUF ROUGE,VIEUX CHT BOURGNEUF ROUGE,0.7657765006847371
F1113,v610001,CROZES H TRADITION ROUGEYANN CHAVE,YANN CHAVE TRADITION ROUGE,0.7654074524546302
1861,v119021,PERIER ROUGE,CHATEAU DU PERIER ROUGE,0.7652227139090445
1482,v308009,FERRANDE BLANC,CHATEAU FERRANDE BLSEC,0.765045821106333
3051,v501006,ULTRA BRUT BLANCLAURENT PERRIER,LAURENT PERRIER BRUT BLSEC,0.764862921771502
1287,v132029,JADE JAGGER CROIX DE BEAUCAILLOU ROUGE,LA CROIX DE BEAUCAILLOU ROUGE,0.7646040372867768
1180,v311016,LOUVIERE BLANC,CHATEAU LA LOUVIERE BLANC BLSEC,0.7635539723706201
2040,v119023,FONTAINE DE L AUBIER ROUGE,CHATEAU FONTAINE DE LAUBIER ROUGE,0.7631525183437892
2003,v121029,BISTON BRILLETTE ROUGE,CHATEAU BISTONBRILLETTE ROUGE,0.763012501286371
E866,v576001,VOLNAY VIL ROUGELEROY,LEROY VOLNAY ROUGE,0.762673359278375
1893,v119162,TOUR SAINT VINCENT ROUGE,CHATEAU TOUR SAINTVINCENT ROUGE,0.7625400094442644
1047,v124033,LYNCH MOUSSAS ROUGE,CHATEAU LYNCHMOUSSAS ROUGE,0.7623705604998535
1054,v130029,LAFON ROCHET ROUGE,CHATEAU LAFONROCHET ROUGE,0.7622768445795024
1453,v311065,LAGRAVE MARTILLAC BLANC,CH LAGRAVEMARTILLAC BLANC BLSEC,0.7613522916778936
1066,v125042,OLIVIER ROUGE,CHATEAU OLIVIER ROUGE,0.7610070399447824
E1725,v551003,CHARMES CH GC ROUGEARMAND ROUSSEAU,ARMAND ROUSSEAU CHARMES CHAMBE ROUGE,0.7596809796412568
1200,v126066,EGLISE CLINET ROUGE,CHATEAU LEGLISECLINET ROUGE,0.7593172033123609
2030,v130024,HAYE ROUGE,CHATEAU LA HAYE ROUGE,0.7591828247014523
1811,v119038,CLARE ROUGE,CHATEAU LA CLARE ROUGE,0.758957195684745
3034,v501008,OENOTHEQUE BLANCDOM PERIGNON,DOM PERIGNON OENOTHEQUE P3 BLSEC,0.7584903482625865
E1663,v624001,BOURGOGNE BLANCJP,OL BOURGOGNE BLANC BLSEC,0.7579791645653863
E1464,v549004,CLOS VOUGEOT GC ROUGEMEO CAMUZET DOMAINE,MEO CAMUZET CLOS DE VOUGEOT ROUGE,0.7575697933142146
1072,v125055,CHEVALIER ROUGE,DOMAINE DE CHEVALIER ROUGE ROUGE,0.7572882276106577
1021,v118027,TERTRE ROUGE,CHATEAU DU TERTRE ROUGE,0.7568142436233235
1002,v118051,RAUZAN SEGLA ROUGE,CHATEAU RAUZANSEGLA ROUGE,0.7565304315066884
1905,v114127,ANEY ROUGE,CHATEAU ANEY ROUGE,0.756477845311428
1188,v412014,FARGUES BLANC,CHATEAU DE FARGUES BLDOUX,0.7564594587481549
E1856,v552001,LATRICIERES CHAMBERTIN GC ROUGEBOILLOT,DD LATRICIERES CHAMBERTIN ROUGE,0.756280217802745
1653,v126092,DOMAINE DE L EGLISE ROUGE,DOMAINE DE LEGLISE ROUGE,0.7559036612458606
1436,v125015,FRANCE ROUGE,CHATEAU DE FRANCE ROUGE ROUGE,0.7557762486010656
1461,v125056,SOLITUDE ROUGE,DOMAINE DE LA SOLITUDE ROUGE ROUGE,0.7553175069646294
E018,v138003,RULLY 1C VAUVRY BLANCOL,OL RULLY VAUVRY BLSEC,0.7548498045683768
1802,v119123,BRANNE ROUGE,CHATEAU LA BRANNE ROUGE,0.7547253801645627
2141,v119084,MOULIN DE TAFFARD ROUGE,CHATEAU TAFFARD ROUGE,0.7538982414757677
1526,v130051,TRONQUOY LALANDE ROUGE,CHATEAU TRONQUOYLALANDE ROUGE,0.753399589718667
E551,v647001,CLOS DES LAMBRAYS GC ROUGELAMBRAYS,DOMAINE DES LAMBRAYS,0.7528098347798539
2010,v121011,MOULINE ROUGE,CHATEAU LA MOULINE ROUGE,0.752497140946941
1673,v311017,MISSION HAUT BRION BLANC,CHLA MISSION HAUTBRION BLANC BLSEC,0.7519011812330775
1082,v412022,YQUEM BLANC,CHATEAU DYQUEM BLDOUX,0.751542146394012
2051,v132004,GLANA ROUGE,CHATEAU DU GLANA ROUGE,0.7507294539100883
2098,v114133,BROCHON PLAISANCE ROUGE,CHATEAU BROCHONPLAISANCE ROUGE,0.7506512816088233
1138,v132012,LALANDE BORIE ROUGE,CHATEAU LALANDEBORIE ROUGE,0.7498814182052965
1081,v311039,CHEVALIER BLANC,DOMAINE DE CHEVALIER BLANC BLSEC,0.7480601888506112
E576,v534001,CORTON CH GC BLANCBONNEAU DU MARTRAY,BONNEAU DU MARTRAY CORTON CHA BLSEC,0.7469932044105436
1232,v301046,REYNON VIEILLE VIGNE BLANC,CH REYNON VIEILLES VIGNES BLSEC,0.7466379546836135
1760,v311043,CLARTE HAUT BRION BLANC,LA CLARTE DE HAUTBRION BLSEC,0.7466253550878497
1687,v128070,CLOS SAINT MARTIN ROUGE,YON SAINT MARTIN ROUGE,0.745817563857278
1899,v119045,VALIERE ROUGE,CHATEAU LA VALIERE ROUGE,0.7449347728430873
1280,v103085,STE BARBE ROUGE,CHATEAU SAINTE BARBE ROUGE,0.7439290955775463
1017,v118089,PRIEURE LICHINE ROUGE,LE CLOITRE DE PRIEURE LICHINE ROUGE,0.7437698553415552
1474,v311009,FRANCE BLANC,CHATEAU DE FRANCE BLANC BLSEC,0.7429819012956866
E1700,v700005,PULIGNY M VIL BLANCJOSEPH DROUHIN,JOSEPH DROUHIN PULIGNY MONTRAC BLSEC,0.7426827954017355
1228,v301019,DOISY DAENE BORDEAUX BLANC SEC,CHATEAU DOISY DAENE BLANC SEC BLSEC,0.7407408245680198
2104,v412105,CLOS DES LUNES SAUTERNES BLANC,CLOS DES LUNES BLDOUX,0.7398850371122981
1620,v128057,GRAND FAURIE LA ROSE ROUGE,CLOS GRAND FAURIE ROUGE,0.7395702661151525
1076,v311029,OLIVIER BLANC,CHATEAU OLIVIER BLANC BLSEC,0.739331741462256
1263,v311026,LESPAULT MARTILLAC BLANC,CHLESPAULTMARTILLAC BLANC BLSEC,0.7388895036831195
1444,v311040,SOLITUDE BLANC,DOMAINE DE LA SOLITUDE BLANC BLSEC,0.7379591704534004
1510,v301090,CHASSE SPLEEN BLANC,BLANC DE CHASSESPLEEN BLSEC,0.7373017574149672
1428,v311021,LATOUR MARTILLAC BLANC,CHATEAU LATOURMARTILLAC BLANC BLSEC,0.7360978765255177
1981,v114037,TAILLAN ROUGE,CHATEAU DU TAILLAN ROUGE,0.7359206271437049
1411,v125054,DEMOISELLES DE LARRIVET HAUT BRION ROUGE,DEMOISELLES DE LARRIVET HB ROUGE,0.7344040445658088
1038,v124013,DUHART MILON ROUGE,CHATEAU DUHARTMILON ROUGE,0.7340974582472612
1814,v119116,CROIX ROUGE,CHATEAU DE LA CROIX ROUGE,0.7334451538005222
2050,v118038,COTEAU ROUGE,CHATEAU LE COTEAU ROUGE,0.7331373056191451
E011,v637001,MEURSAULT 1C PORUZOTS BLANCOL,OL MEURSEAULT PORUZOTS BLSEC,0.7328348049162581
1816,v119022,ESCOT ROUGE,CHATEAU ESCOT ROUGE,0.7323085044200522
1501,v118003,BLASON D ISSAN ROUGE,BLASON DISSAN ROUGE,0.7320463672451066
E1273,v546002,MOREY ST DENIS 1C BROC ROUGEDAVID DUBAND,DUBAND MOREY ST DENIS LES BROC ROUGE,0.7316442877724185
2083,v130097,SAINT ESTEPHE ROUGE,CHATEAU SAINTESTEPHE ROUGE,0.7310324791365326
1892,v119089,TOUR SAINT BONNET ROUGE,CHATEAU TOUR SAINTBONNET ROUGE,0.7309291777374206
1006,v118011,BRANE CANTENAC ROUGE,CHATEAU BRANECANTENAC ROUGE,0.7302086774491122
1719,v125097,HAUT BACALAN ROUGE,CHATEAU HAUTBACALAN ROUGE,0.7299829964185066
F007,v597002,HERMITAGE CHAPELLE ROUGEJAB,JABOULET HERMITAGE LA CHAPELLE ROUGE,0.7291621717740071
1959,v114170,MONTEIL D ARSAC ROUGE,CHATEAU LE MONTEIL DARSAC ROUGE,0.7265318800270187
1772,v119007,AMOUR ROUGE,CHATEAU AMOUR ROUGE,0.7258929525592566
3375,v501003,BLANC DE BLANCS GC EXTRA BRUT BLANCSUENEN,VL BLANC DE BLANCS EXTRA BRUT BLSEC,0.7219975589937717
E527,v556001,CHABLIS VIL DEUX RIVES BLANCOL,OL CHABLIS LES DEUX RIVES BLSEC,0.7212924201196558
E645,v549002,CLOS VOUGEOT GC ROUGELEROY DOMAINE,DOMAINE LEROY CLOS DE VOUGEOT ROUGE,0.7200415829528022
1011,v118010,BOYD CANTENAC ROUGE,CHATEAU BOYDCANTENAC ROUGE,0.7197219846737033
1571,v119068,PATACHE D AUX ROUGE,CHATEAU PATACHE DAUX ROUGE,0.7192807640625626
1075,v311028,MALARTIC LAGRAVIERE BLANC,CH MALARTICLAGRAVIERE BLANC BLSEC,0.7174679564202856
E1621,v609003,GEVREY CH VIL ROUGEARMAND ROUSSEAU,ARMAND ROUSSEAU GEVREY CHAMBER ROUGE,0.7168686117264046
E2047,v544001,CHAMBOLLE MUSIGNY VIL ROUGESIGAUT,DD CHAMBOLLE MUSIGNY ROUGE,0.7163355871663888
2167,v132018,MOULIN ROSE ROUGE,CHATEAU MOULIN DE LA ROSE ROUGE,0.7156860307495689
1503,v412060,REMPARTS DE BASTOR LAMONTAGNE BLANC,LES REMPARTS DE BASTOR BLDOUX,0.7150315270306643
J2494,v515002,BOLGHERI CONTUGO GUADO AL TASSO ROUGEANTINORI,ANTINORI GUADO AL TASSO ROUGE,0.7146820315629617
1632,v128019,GRAND PONTET ROUGE,CHATEAU PONTET ROUGE,0.7135168826550313
1433,v301001,AILE D ARGENT BLANC,AILE DARGENT BLSEC,0.7133498615666843
E707,v152001,AUXEY DURESSES 1C ROUGEBOUCH,OL AUXEY DURESSES BLSEC,0.7103771040248775
E1891,v706002,MONTRACHET GC BLANCRAMONET,DOMAINE RAMONET MONTRACHET ROUGE,0.7096938295656234
1152,v130040,PHELAN SEGUR ROUGE,CHATEAU PHELANSEGUR ROUGE,0.7092832202747236
1469,v126114,FRANC MAILLET ROUGE,CHATEAU MAILLET ROUGE,0.7080847124400724
1187,v412039,LIOT BLANC,CHATEAU LIOT BLDOUX,0.7077030890249465
E1272,v546001,MOREY ST DENIS 1C CLOS SORBE ROUGEDAVID DUBAND,DD MOREY ST DENIS CLOS SORBE ROUGE,0.7062599619410491
2011,v121041,MYON DE L ENCLOS ROUGE,CHATEAU MYON DE LENCLOS ROUGE,0.7060327951476058
E1244,v139002,ST AUBIN 1C REMILLY BLANCOL,OL ST AUBIN EN REMILLY BLSEC,0.7049211239483889
1555,v412079,MYRAT BLANC,CHATEAU DE MYRAT BLDOUX,0.7041385025279533
1361,v116041,CEDRES D HOSTEN ROUGE,LES CEDRES DHOSTEN ROUGE,0.7039138793491052
1599,v301062,COURTEILLAC BLANC,DNE DE COURTEILLAC BLANC CLAS BLSEC,0.703104397452555
E1567,v550002,CLOS ROCHE GC ROUGEARMAND ROUSSEAU,ARMAND ROUSSEAU CLOS DE LA ROC ROUGE,0.7006864465566742
E183,v574001,MONTHELIE VIL ROUGELL,OL MONTHELIE ROUGE,0.7004689005033762
2037,v130050,TOUR SAINT FORT ROUGE,CHATEAU TOUR ST FORT ROUGE,0.7000315811188041
J770,v527001,RIBERA DEL DUERO UNICO ROUGEVEGA SICILIA,VEGA SICILIA UNICO ROUGE,0.6983924872430738
E1001,v706005,MONTRACHET GC BLANCE SAUZET,ETIENNE SAUZET MONTRACHET ROUGE,0.6979776791858681
2090,v103026,CROIX MOUTON ROUGE,CHATEAU CROIXMOUTON ROUGE,0.6969072418850356
1723,v125110,ROCHE LALANDE ROUGE,CHATEAU ROCHELALANDE ROUGE ROUGE,0.6956428439882133
2226,v114232,MADEMOISELLE L ROUGECH LA LAGUNE,MADEMOISELLE L ROUGE,0.695623787700994
1561,v128022,GRAND CORBIN DESPAGNE ROUGE,CHATEAU TOUR DE CORBIN DESPAGN ROUGE,0.6944815086691891
E1362,v139003,ST AUBIN 1C CHARMOIS BLANCOL,OL SAINT AUBIN CHARMOIS BLSEC,0.691182344743775
1008,v118026,ISSAN ROUGE,CHATEAU DISSAN ROUGE,0.6911471493821829
1253,v311011,FERRAN BLANC,CHATEAU FERRAN BLC BLSEC,0.6897032411535945
1230,v301084,Y D YQUEM BLANC,Y DYQUEM BLSEC,0.6896203813774101
1015,v128053,CLOS DE SARPE ROUGE,CHATEAU MOULIN DE SARPE ROUGE,0.6892672341020282
E1131,v707002,RICHEBOURG GC ROUGEANNE GROS,DOMAINE ANNE GROS RICHEBOURG ROUGE,0.6890411903993354
1442,v301097,CAILLOU BLANC BLANC,CHATEAU CAILLOU BLSEC,0.6886573431442777
4009,v526001,VINTAGE ROUGEGRAHAM S,GRAHAM S ROUGE,0.6886497642136096
E1160,v624003,BOURGOGNE ONCLE VINCENT BLANCOL,OL ONCLE VINCENT BLSEC,0.6881104737150788
1046,v124056,LYNCH BAGES ROUGE,LYNCH BAGES SELECTION ROUGE,0.6877573769558215
E867,v586001,SAVIGNY BEAUNE VIL ROUGELEROY,LEROY SAVIGNY LES BEAUNE ROUGE,0.6875211871443794
J1145,v507001,BAROLO BUSSIA ROUGEANTINORI PRUNOTTO,ANTINORI BUSSIA ROUGE,0.6873384123326527
1447,v124028,TOUR L ASPIC ROUGE,CHATEAU LA TOUR LASPIC ROUGE,0.6859913053988138
E782,v700004,PULIGNY M VIL BLANCJACQUES CARILLON,JACQUES CARILLON BLSEC,0.6858737121877471
E639,v537002,BONNES MARES GC ROUGEAUVENAY,DOMAINE AUVENAY BONNES MARES ROUGE,0.685650014911065
1862,v119137,PEY ROUGE,CHATEAU LE PEY ROUGE,0.6841569468086613
1879,v119174,SAINT BONNET ROUGE,LA FUIE SAINT BONNET ROUGE,0.6830800672553954
1430,v130064,N2 DU CH LAFON ROCHET ROUGE,NDEG2 DU CHT LAFON ROCHET ROUGE,0.6830437050333157
1744,v412095,HAUT BOMMES BLANC,CHATEAU HAUTBOMMES BLDOUX,0.6822755996146114
1735,v311073,ROCHE LALANDE BLANC,CHATEAU ROCHELALANDE BLANC BLSEC,0.6814232390580796
1037,v124040,PICHON LONGUEVILLE COMTESSE LALANDE ROUGE,CH PICHON COMTESSE DE LALANDE ROUGE,0.6794567329260768
E589,v606001,CLOS DE TART GC MONOPOLE ROUGETART,CLOS DE TART,0.6789883043981512
J56,v129152,PRIORAT CLOS MARTINET ROUGEMAS MARTINET,CHATEAU MARTINET ROUGE,0.6779973381082541
1627,v102147,CHEVALIER ROSE,CHEVALIER DE MALLE ROUGE,0.6775013793511176
E2010,v609005,GEVREY CH VIL COEUR DE ROY ROUGEDUGAT PY,DUGATPY COEUR DE ROY ROUGE,0.677185832432711
1696,v412123,EXTRAVAGANT DOISY DAENE BLANC,L EXTRAVAGANTCH DOISYDAENE BLDOUX,0.6770511502466292
1882,v119158,SAINT HILAIRE ROUGE,CHATEAU SAINTHILAIRE ROUGE,0.6762996636667543
E1785,v609002,GEVREY CHAMBERTIN VIL ROUGEDAMOY,DD GEVREY CHAMBERTIN ROUGE,0.6761456217978842
E317,v637002,MEURSAULT 1C SANTENOTS BLANCJP,OL MEURSEAULT SANTENOTS BLSEC,0.6747445596294266
E237,v553001,CHAMBERTIN GC ROUGEJP,AR CHAMBERTIN ROUGE,0.6745636473795296
1098,v400014,BROUSTET BLANC,NPU CHATEAU BROUSTET BLDOUX,0.6744561440842644
E037,v139001,ST AUBIN 1C CHATENIERES BLANCOL,OL SAINT AUBIN CHATENIERES BLSEC,0.6729809377222193
E399,v549003,CLOS VOUGEOT GC ROUGEBOUCH,BOUCHARD CLOS DE VOUGEOT ROUGE,0.6723712823394593
2224,v124065,VERSO DE HAUT BATAILLEY ROUGE,HAUTBATAILLEY VERSO ROUGE,0.6713619910079808
2023,v124082,TOUR SIEUJEAN ROUGE,CHATEAU TOUR SIEUJAN ROUGE,0.6700115288884522
F1379,v599002,ST JOSEPH CAVANOS ROUGEY CUILLERON,YVES CUILLERON CAVANOS ROUGE,0.6700013892069882
E634,v152002,AUXEY DURESSES VIL BLANCAUVENAY,DOMAINE AUVENAY AUXEY DURESSES BLSEC,0.6692830459634469
J2711,v625002,BRUNELLO MONTALCINO RISERVA ROUGEBIONDI SANTI,BIONDI SANTI RISERVA ROUGE,0.6690776975880233
E1007,v637003,MEURSAULT 1C BOUCHERES BLANCOL,OL MEURSEAULT BOUCHERES BLSEC,0.6675458912412285
1101,v412044,RAYMOND LAFON BLANC,CHATEAU RAYMONDLAFON BLDOUX,0.6675385601207336
F469,v201051,COTES PROV CORAIL ROSE ROSECH ROQUEFORT,CHATEAU ROQUEFORT ROSE ROSE,0.6670518599978527
1964,v114150,MOULIN ROUGE ROUGE,CHATEAU DU MOULIN ROUGE,0.6668005326863711
E048,v537001,BONNES MARES GC ROUGELL,CDV BONNES MARES ROUGE,0.6660077494794937
1952,v114063,LIEUJEAN ROUGE,CHATEAU LIEUJEAN CASHER ROUGE,0.6645066668427487
4004,v526002,VINTAGE ROUGEDOW S,DOW S ROUGE,0.6627466080578878
3053,v501012,DOM RUINART B DE B BLANCRUINART,DOM RUINART BLANC DE BLANCS BLSEC,0.6615437745888106
F284,v129145,ERMITAGE ERMITE ROUGECHAP,CHATEAU LHERMITAGE ROUGE,0.6606327721531106
4008,v526004,VINTAGE ROUGETAYLOR,TAYLOR S VINTAGE PORT ROUGE,0.6596562737405277
2201,v500001,HISTORICAL XIXTH CENTARY WINE ROUGEPALMER,PALMER HISTORICAL XIX ROUGE,0.6565820013862231
2085,v126044,CROIX ST GEORGES ROUGE,CHATEAU LA CROIX SAINTGEORGES ROUGE,0.6561144574966367
1796,v119008,BELLEVUE MEDOC ROUGE,CHATEAU BELLEVUE ROUGE,0.6559469891647822
2130,v126050,BELLEGRAVE POMEROL ROUGE,CHATEAU LA GRAVE A POMEROL ROUGE,0.6555025426168427
E895,v504003,POMMARD VIL ROUGELEROY,LEROY POMMARD ROUGE,0.6552090325713826
2165,v301109,LYS LAFAURIEPEYRAGUEY BLANC,CHATEAU LAFAURIE PEYRAGUEY SEC BLSEC,0.6540744898651689
J2461,v618001,NUSSBAUMER GEWURZTRAMINER BLANCTRAMIN,MS GEWURZTRAMINER S BLSEC,0.6510945390701106
2102,v119122,HAUT GRIGNON ROUGE,CHATEAU HAUTGRIGNON ROUGE,0.6508987348499203
2160,v102092,THIEULEY RESERVE FRANCIS COURSELLE ROUGE,CHATEAU THIEULEY ROUGE RESERVE ROUGE,0.650829461378678
1878,v119157,SAINT AUBIN ROUGE,CHATEAU SAINTAUBIN ROUGE,0.6472915064004363
E378,v547004,NUITS ST G 1C PERRIERES ROUGENP,DMC NUITS ST GEORGES PERRIERES ROUGE,0.6472185184960633
E586,v138001,RULLY 1C CLOUX BLANCOL,OL RULLY LES CLOUX BLSEC,0.64590316258297
E403,v706004,MONTRACHET GC BLANCJC,DRC MONTRACHET ROUGE,0.6458988908129654
E881,v637004,MEURSAULT 1C GOUTTES D OR BLANCAUVENAY,DOMAINE AUVENAY GOUTTES D OR BLSEC,0.6444629556153227
1354,v119114,BY ROUGE,CHATEAU DE BY ROUGE,0.6440095082712343
E1472,v642001,PERNAND VERGELESSES VIL BLANCJC,OL PERNAND VERGELESSES FICHOTS ROUGE,0.6415634030198417
1359,v121021,NUMERO 2 DE MAUCAILLOU ROUGE,NDEG2 DE MAUCAILLOU ROUGE,0.6399551212074173
1426,v128030,SOUTARD ROUGE,LES JARDINS DE SOUTARD ROUGE,0.6387607624109525
E211,v703002,ECHEZEAUX GC ROUGELL,DD ECHEZEAUX ROUGE,0.6376046713320221
F808,v201029,COTES RHONE ROUGEDOMAINE DE LA SOLITUDE,ROSE DE LA SOLITUDE ROSE,0.6344666117834212
2133,v114104,MARTIN HAUTMEDOC ROUGE,LE HAUTMEDOC DE LAGRANGE ROUGE,0.6343029774114125
E874,v547006,NUITS ST G 1C BOUDOTS ROUGELEROY DOMAINE,DOMAINE LEROY AUX BOUDOTS ROUGE,0.6342541016145534
E047,v549001,CLOS VOUGEOT GC ROUGELL,DD CLOS DE VOUGEOT ROUGE,0.6333717942628807
1248,v132025,TERREY GROS CAILLOUX ROUGE,CHATEAU TERREYGROSCAILLOUX ROUGE,0.6326744497025777
1100,v400009,NAIRAC BLANC,NPU NAIRAC BLDOUX,0.6324630710200565
1111,v126064,PIN ROUGE,CHATEAU LE PIN ROUGE,0.6306201919045343
9159,v124063,COFFRET PONTET CANET BIODYNAMIE PRECISION 2008 2013 ROUGECH PONTET CANET,PONTET CANET CAISSE 20082013 ROUGE,0.6304354535803972
1237,v311014,HAUT BRION BLANC,CHATEAU HAUTBRION BLANC BLSEC,0.6295401161441561
J410,v629002,MALBEC ROUGECATENA ZAPATA,CATENA ZAPATA NICOLAS CATENA Z ROUGE,0.6294914801626195
1102,v412015,MALLE BLANC,CHATEAU DE MALLE BLDOUX,0.6281810510006107
1931,v114031,DILLON ROUGE,CHATEAU DILON ROUGE,0.6276904199946547
1273,v311053,BOIS MARTIN BLANC,CHATEAU BOISMARTIN BLANC BLSEC,0.6275778618451224
E1915,v533001,CHASSAGNE M 1C MORGEOT ROUGERAMONET,DOMAINE RAMONET MORGEOT ROUGE,0.6260598919612873
1615,v128024,CROS FIGEAC ROUGE,CLOS MAGNE FIGEAC ROUGE,0.6254445451306877
F1423,v702001,LIMOUX GRAND VIN ROUGE EX BARON ARQUES ROUGEBARONARQUES,DOMAINE DE BARONARQUES ROUGE ROUGE,0.6198600883287632
E1940,v548006,CORTON GC ROUGEJOSEPH DROUHIN,JOSEPH DROUHIN CHAMBOLLE ROUGE,0.6197481953139172
J2093,v129300,HARMONIE ROUGECLOS SOLENE,CHATEAU HARMONIE ROUGE,0.6182791550982255
J2212,v611002,PETIT CASTEL ROUGECASTEL,BEAUCASTEL ROUGE ROUGE,0.6073992558659753
E675,v504002,POMMARD VIL VIGNOTS ROUGELEROY DOMAINE,DOMAINE LEROY LES VIGNOTS ROUGE,0.6042538774164692
2146,v113032,PEYRAT GRAVES ROUGE,CHATEAU PEYRAT ROUGE,0.6003211572955071
